Workbook

Sheet Rawdata
A1: 수험번호 | B1: 이름 | C1: 지원분야 : 1지망 | D1: 지원분야(관리용) | E1: 지원분야 갯수 | F1: 작성일자 | G1: 지원서 제출 | H1: 지원서 제출일자 | I1: 영문이름 | J1: 이메일 | K1: 핸드폰번호 | L1: 긴급연락처 | M1: 장애여부 | N1: 보훈여부 | O1: 병역구분 | P1: 복무시작일 | Q1: 복무종료일 | R1: 제대구분 | S1: 계급 | T1: 연구실적(학술지 게재1) - 게재구분 | U1: 연구실적(학술지 게재1) - 논문구분 | V1: 연구실적(학술지 게재1) - 논문제목 | W1: 연구실적(학술지 게재1) - 게재지명 | X1: 연구실적(학술지 게재1) - 역할 | Y1: 연구실적(학술지 게재1) - 게재일자 | Z1: 연구실적(학술지 게재1) - 저자순위 | AA1: 연구실적(학술지 게재1) - 발행기관 | AB1: 연구실적(학술지 게재1) - ISSN 번호 | AC1: 연구실적(학술지 게재2) - 게재구분 | AD1: 연구실적(학술지 게재2) - 논문구분 | AE1: 연구실적(학술지 게재2) - 논문제목 | AF1: 연구실적(학술지 게재2) - 게재지명 | AG1: 연구실적(학술지 게재2) - 역할 | AH1: 연구실적(학술지 게재2) - 게재일자 | AI1: 연구실적(학술지 게재2) - 저자순위 | AJ1: 연구실적(학술지 게재2) - 발행기관 | AK1: 연구실적(학술지 게재2) - ISSN 번호 | AL1: 연구실적(학술지 게재3) - 게재구분 | AM1: 연구실적(학술지 게재3) - 논문구분 | AN1: 연구실적(학술지 게재3) - 논문제목 | AO1: 연구실적(학술지 게재3) - 게재지명 | AP1: 연구실적(학술지 게재3) - 역할 | AQ1: 연구실적(학술지 게재3) - 게재일자 | AR1: 연구실적(학술지 게재3) - 저자순위 | AS1: 연구실적(학술지 게재3) - 발행기관 | AT1: 연구실적(학술지 게재3) - ISSN 번호 | AU1: 총 경력 | AV1: 경력사항1 - 고용형태 | AW1: 경력사항1 - 회사명 | AX1: 경력사항1 - 재직기간 | AY1: 경력사항1 - 재직기간 시작일 | AZ1: 경력사항1 - 재직기간 종료일 | BA1: 경력사항1 - 부서명 | BB1: 경력사항1 - 직급 | BC1: 경력사항1 - 담당업무 | BD1: 경력사항1 - 퇴직사유 | BE1: 경력사항2 - 고용형태 | BF1: 경력사항2 - 회사명 | BG1: 경력사항2 - 재직기간 | BH1: 경력사항2 - 재직기간 시작일 | BI1: 경력사항2 - 재직기간 종료일 | BJ1: 경력사항2 - 부서명 | BK1: 경력사항2 - 직급 | BL1: 경력사항2 - 담당업무 | BM1: 경력사항2 - 퇴직사유 | BN1: 경력사항3 - 고용형태 | BO1: 경력사항3 - 회사명 | BP1: 경력사항3 - 재직기간 | BQ1: 경력사항3 - 재직기간 시작일 | BR1: 경력사항3 - 재직기간 종료일 | BS1: 경력사항3 - 부서명 | BT1: 경력사항3 - 직급 | BU1: 경력사항3 - 담당업무 | BV1: 경력사항3 - 퇴직사유 | BW1: 경력사항4 - 고용형태 | BX1: 경력사항4 - 회사명 | BY1: 경력사항4 - 재직기간 | BZ1: 경력사항4 - 재직기간 시작일 | CA1: 경력사항4 - 재직기간 종료일 | CB1: 경력사항4 - 부서명 | CC1: 경력사항4 - 직급 | CD1: 경력사항4 - 담당업무 | CE1: 경력사항4 - 퇴직사유 | CF1: 경력사항5 - 고용형태 | CG1: 경력사항5 - 회사명 | CH1: 경력사항5 - 재직기간 | CI1: 경력사항5 - 재직기간 시작일 | CJ1: 경력사항5 - 재직기간 종료일 | CK1: 경력사항5 - 부서명 | CL1: 경력사항5 - 직급 | CM1: 경력사항5 - 담당업무 | CN1: 경력사항5 - 퇴직사유 | CO1: 시험명 | CP1: 공인 외국어시험 - G-TELP 취득등급(점수) | CQ1: 공인 외국어시험 - G-TELP 응시일 | CR1: 공인 외국어시험 - G-TELP 등록번호 | CS1: 시험명 | CT1: 공인 외국어시험 - TEPS 취득등급(점수) | CU1: 공인 외국어시험 - TEPS 응시일 | CV1: 공인 외국어시험 - TEPS 등록번호 | CW1: 시험명 | CX1: 공인 외국어시험 - TOEFL 취득등급(점수) | CY1: 공인 외국어시험 - TOEFL 응시일 | CZ1: 공인 외국어시험 - TOEFL 등록번호 | DA1: 시험명 | DB1: 공인 외국어시험 - TOEFL(IBT) 취득등급(점수) | DC1: 공인 외국어시험 - TOEFL(IBT) 응시일 | DD1: 공인 외국어시험 - TOEFL(IBT) 등록번호 | DE1: 시험명 | DF1: 공인 외국어시험 - TOEIC 취득등급(점수) | DG1: 공인 외국어시험 - TOEIC 응시일 | DH1: 공인 외국어시험 - TOEIC 등록번호 | DI1: 시험명 | DJ1: 공인 외국어시험 - Toeic Speaking test 취득등급(점수) | DK1: 공인 외국어시험 - Toeic Speaking test 응시일 | DL1: 공인 외국어시험 - Toeic Speaking test 등록번호 | DM1: 시험명 | DN1: 공인 외국어시험 - 신HSK(PBT) 취득등급(점수) | DO1: 공인 외국어시험 - 신HSK(PBT) 응시일 | DP1: 공인 외국어시험 - 신HSK(PBT) 등록번호 | DQ1: 시험명 | DR1: 공인 외국어시험 - OPIc(중국어) 취득등급(점수) | DS1: 공인 외국어시험 - OPIc(중국어) 응시일 | DT1: 공인 외국어시험 - OPIc(중국어) 등록번호 | DU1: 시험명 | DV1: 공인 외국어시험 - IELTS 취득등급(점수) | DW1: 공인 외국어시험 - IELTS 응시일 | DX1: 공인 외국어시험 - IELTS 등록번호 | DY1: 시험명 | DZ1: 공인 외국어시험 - OPIc(영어) 취득등급(점수) | EA1: 공인 외국어시험 - OPIc(영어) 응시일 | EB1: 공인 외국어시험 - OPIc(영어) 등록번호 | EC1: 시험명 | ED1: 공인 외국어시험 - 신HSK(IBT) 취득등급(점수) | EE1: 공인 외국어시험 - 신HSK(IBT) 응시일 | EF1: 공인 외국어시험 - 신HSK(IBT) 등록번호 | EG1: 시험명 | EH1: 공인 외국어시험 - G-telp(Level 2) 취득등급(점수) | EI1: 공인 외국어시험 - G-telp(Level 2) 응시일 | EJ1: 공인 외국어시험 - G-telp(Level 2) 등록번호 | EK1: 시험명 | EL1: 공인 외국어시험 - TOEIC(2년이상 직접등록) 취득등급(점수) | EM1: 공인 외국어시험 - TOEIC(2년이상 직접등록) 응시일 | EN1: 공인 외국어시험 - TOEIC(2년이상 직접등록) 등록번호 | EO1: 시험명 | EP1: 공인 외국어시험 - Toeic Speaking test(2년이상 직접등록) 취득등급(점수) | EQ1: 공인 외국어시험 - Toeic Speaking test(2년이상 직접등록) 응시일 | ER1: 공인 외국어시험 - Toeic Speaking test(2년이상 직접등록) 등록번호 | ES1: 시험명 | ET1: 공인 외국어시험 - OPIc(영어) - 2년이상 직접등록 취득등급(점수) | EU1: 공인 외국어시험 - OPIc(영어) - 2년이상 직접등록 응시일 | EV1: 공인 외국어시험 - OPIc(영어) - 2년이상 직접등록 등록번호 | EW1: 시험명 | EX1: 공인 외국어시험 - G-TELP(2년이상 직접등록) 취득등급(점수) | EY1: 공인 외국어시험 - G-TELP(2년이상 직접등록) 응시일 | EZ1: 공인 외국어시험 - G-TELP(2년이상 직접등록) 등록번호 | FA1: 시험명 | FB1: 공인 외국어시험 - G-TELP Speaking (GST)(2년이상 직접등록) 취득등급(점수) | FC1: 공인 외국어시험 - G-TELP Speaking (GST)(2년이상 직접등록) 응시일 | FD1: 공인 외국어시험 - G-TELP Speaking (GST)(2년이상 직접등록) 등록번호 | FE1: 시험명 | FF1: 공인 외국어시험 - NEW TEPS 취득등급(점수) | FG1: 공인 외국어시험 - NEW TEPS 응시일 | FH1: 공인 외국어시험 - NEW TEPS 등록번호 | FI1: 총 자격증 개수 | FJ1: 자격증1 - 명칭 | FK1: 자격증1 - 발급기관 | FL1: 자격증1 - 등록번호 | FM1: 자격증1 - 취득일 | FN1: 자격증2 - 명칭 | FO1: 자격증2 - 발급기관 | FP1: 자격증2 - 등록번호 | FQ1: 자격증2 - 취득일 | FR1: NCS 교육사항(학교) - 능력단위별 총 이수학점 | FS1: NCS 교육사항(학교)1 - 과목명 | FT1: NCS 교육사항(학교)1 - 능력단위 | FU1: NCS 교육사항(학교)1 - 이수기간 | FV1: NCS 교육사항(학교)1 - 이수기간 시작일 | FW1: NCS 교육사항(학교)1 - 이수기간 종료일 | FX1: NCS 교육사항(학교)1 - 주요내용 | FY1: NCS 교육사항(학교)1 - 이수학점(학점) | FZ1: NCS 교육사항(학교)1 - 취득성적 | GA1: NCS 교육사항(학교)1 - 만점 | GB1: NCS 교육사항(학교)2 - 과목명 | GC1: NCS 교육사항(학교)2 - 능력단위 | GD1: NCS 교육사항(학교)2 - 이수기간 | GE1: NCS 교육사항(학교)2 - 이수기간 시작일 | GF1: NCS 교육사항(학교)2 - 이수기간 종료일 | GG1: NCS 교육사항(학교)2 - 주요내용 | GH1: NCS 교육사항(학교)2 - 이수학점(학점) | GI1: NCS 교육사항(학교)2 - 취득성적 | GJ1: NCS 교육사항(학교)2 - 만점 | GK1: NCS 교육사항(학교)3 - 과목명 | GL1: NCS 교육사항(학교)3 - 능력단위 | GM1: NCS 교육사항(학교)3 - 이수기간 | GN1: NCS 교육사항(학교)3 - 이수기간 시작일 | GO1: NCS 교육사항(학교)3 - 이수기간 종료일 | GP1: NCS 교육사항(학교)3 - 주요내용 | GQ1: NCS 교육사항(학교)3 - 이수학점(학점) | GR1: NCS 교육사항(학교)3 - 취득성적 | GS1: NCS 교육사항(학교)3 - 만점 | GT1: NCS 교육사항(학교)4 - 과목명 | GU1: NCS 교육사항(학교)4 - 능력단위 | GV1: NCS 교육사항(학교)4 - 이수기간 | GW1: NCS 교육사항(학교)4 - 이수기간 시작일 | GX1: NCS 교육사항(학교)4 - 이수기간 종료일 | GY1: NCS 교육사항(학교)4 - 주요내용 | GZ1: NCS 교육사항(학교)4 - 이수학점(학점) | HA1: NCS 교육사항(학교)4 - 취득성적 | HB1: NCS 교육사항(학교)4 - 만점 | HC1: NCS 교육사항(학교)5 - 과목명 | HD1: NCS 교육사항(학교)5 - 능력단위 | HE1: NCS 교육사항(학교)5 - 이수기간 | HF1: NCS 교육사항(학교)5 - 이수기간 시작일 | HG1: NCS 교육사항(학교)5 - 이수기간 종료일 | HH1: NCS 교육사항(학교)5 - 주요내용 | HI1: NCS 교육사항(학교)5 - 이수학점(학점) | HJ1: NCS 교육사항(학교)5 - 취득성적 | HK1: NCS 교육사항(학교)5 - 만점 | HL1: NCS 교육사항(직업) - 능력단위별 총 교육시간 | HM1: NCS 교육사항(직업)1 - 과정명 | HN1: NCS 교육사항(직업)1 - 능력단위 | HO1: NCS 교육사항(직업)1 - 개별교육시간 | HP1: NCS 교육사항(직업)1 - 이수기간 | HQ1: NCS 교육사항(직업)1 - 이수기간 시작일 | HR1: NCS 교육사항(직업)1 - 이수기간 종료일 | HS1: NCS 교육사항(직업)1 - 주요내용 | HT1: NCS 교육사항(직업)1 - 교육기관명 | HU1: NCS 교육사항(직업)2 - 과정명 | HV1: NCS 교육사항(직업)2 - 능력단위 | HW1: NCS 교육사항(직업)2 - 개별교육시간 | HX1: NCS 교육사항(직업)2 - 이수기간 | HY1: NCS 교육사항(직업)2 - 이수기간 시작일 | HZ1: NCS 교육사항(직업)2 - 이수기간 종료일 | IA1: NCS 교육사항(직업)2 - 주요내용 | IB1: NCS 교육사항(직업)2 - 교육기관명 | IC1: NCS 교육사항(직업)3 - 과정명 | ID1: NCS 교육사항(직업)3 - 능력단위 | IE1: NCS 교육사항(직업)3 - 개별교육시간 | IF1: NCS 교육사항(직업)3 - 이수기간 | IG1: NCS 교육사항(직업)3 - 이수기간 시작일 | IH1: NCS 교육사항(직업)3 - 이수기간 종료일 | II1: NCS 교육사항(직업)3 - 주요내용 | IJ1: NCS 교육사항(직업)3 - 교육기관명 | IK1: NCS 교육사항(직업)4 - 과정명 | IL1: NCS 교육사항(직업)4 - 능력단위 | IM1: NCS 교육사항(직업)4 - 개별교육시간 | IN1: NCS 교육사항(직업)4 - 이수기간 | IO1: NCS 교육사항(직업)4 - 이수기간 시작일 | IP1: NCS 교육사항(직업)4 - 이수기간 종료일 | IQ1: NCS 교육사항(직업)4 - 주요내용 | IR1: NCS 교육사항(직업)4 - 교육기관명 | IS1: NCS 교육사항(직업)5 - 과정명 | IT1: NCS 교육사항(직업)5 - 능력단위 | IU1: NCS 교육사항(직업)5 - 개별교육시간 | IV1: NCS 교육사항(직업)5 - 이수기간 | IW1: NCS 교육사항(직업)5 - 이수기간 시작일 | IX1: NCS 교육사항(직업)5 - 이수기간 종료일 | IY1: NCS 교육사항(직업)5 - 주요내용 | IZ1: NCS 교육사항(직업)5 - 교육기관명 | JA1: NCS 교육사항(직업) - 총 교육시간 | JB1: 자기소개서 1번 | JC1: 자기소개서 2번 | JD1: 자기소개서 3번 | JE1: 자기소개서 4번 | JF1: 부가정보_1 : 생월일(ex.0725) | JG1: 인적사항_1 : 저소득층 해당 여부 | JH1: 인적사항_2 : 한부모가족 해당 여부 | JI1: 인적사항_3 : 자립준비청년 해당 여부 | JJ1: 인적사항_4 : 북한이탈주민 해당 여부 | JK1: 인적사항_5 : 다문화가정 해당 여부 | JL1: 인적사항_6 : 비수도권지역인재 해당 여부 | JM1: 인적사항_7 : 이전지역인재 해당 여부 | JN1: 인적사항_8 : 공공기관 청년 인턴(5개월 이상인 자) 경험자 해당 여부 | JO1: 인적사항_9 : [청년고용촉진 특별법]에 따른 청년 해당 여부 | JP1: 인적사항_10 : 경력단절여성 해당 여부 | JQ1: 자기소개서_1 : 지원한 직무에 대해 ①본인이 이해하고 있는 내용과 ②그 직무 수행에 필요하다고 생각하는 역량은 무엇이며 ③어떠한 노력으로 그 역량들을 갖추게 되었는지 또는 갖출 것인지 작성해 주시기 바랍니다. 또한 해당 역량을 실제로 적용하여 성과를 창출했거나 문제 해결에 활용한 경험이 있다면 함께 기술하여 주시기 바랍니다. | JR1: 자기소개서_2 : 한국보건산업진흥원의 역할과 조직 가치에 대해 본인이 이해하고 있는 내용을 설명하고, 입사 후 이러한 가치를 지키며 업무를 수행하기 위해 필요한 직업윤리는 무엇인지, 그 직업 윤리를 갖추기 위해 했던 노력이나 앞으로의 계획을 작성해 주시기 바랍니다. | JS1: 자기소개서_3 : 집단 또는 조직 생활에서 구성원 간의 갈등이나 협업의 어려움 등 문제 상황을 겪은 경험이 있다면 기술하여 주시기 바랍니다. 해당 상황에서 본인이 주도적으로 문제를 해결한 과정과 결과, 그리고 본인의 역할에 대해 구체적으로 작성해 주시기 바랍니다. | JT1: 자기소개서_4 : 본인이 가진 강점 중 진흥원 입사 후 더욱 발전적으로 성장할 수 있는 요소가 있다면 그 강점은 무엇인지, 왜 그렇게 생각하는지 진흥원의 조직문화나 업무환경과 연계하여 작성해 주시기 바랍니다. 또한 본인이 생각하는 보완해야 할 약점이 있다면 그 약점은 무엇인지, 왜 그렇게 생각하는지 함께 기술하여 주시기 바랍니다.
A2: 0005-000011 | B2: 최지호 | C2: 1지망 : 보건산업진흥지원-정규직-전문직/연구원-오송 | D2: 03_보건산업진흥지원-정규직-전문직/연구원-오송 | E2: 1 | F2: 2025.07.18 | G2: 제출완료 | H2: 2025.07.31 | I2: Choi Jiho | J2: okcjhh@naver.com | K2: 010-3059-2886 | L2: 010-7243-2886 | M2: 해당없음 | N2: 해당없음 | O2: 비대상 | P2: - | Q2: - | R2: - | S2: - | T2: - | U2: - | V2: - | W2: - | X2: - | Y2: - | Z2: - | AA2: - | AB2: - | AC2: - | AD2: - | AE2: - | AF2: - | AG2: - | AH2: - | AI2: - | AJ2: - | AK2: - | AL2: - | AM2: - | AN2: - | AO2: - | AP2: - | AQ2: - | AR2: - | AS2: - | AT2: - | AU2: 1년9개월 | AV2: 계약직 | AW2: 한국보건산업진흥원 | AX2: 1개월 | AY2: 2025.07.01 | AZ2: 재직중 | BA2: 제약바이오산업단 | BB2: 연구원(기간제) | BC2: K-블록버스터 글로벌 진출 지원 | BD2: 재직중 | BE2: 계약직 | BF2: 한국보건산업진흥원 | BG2: 8개월 | BH2: 2024.11.01 | BI2: 2025.06.30 | BJ2: 외국인환자유치단 | BK2: 연구원(기간제) | BL2: 소셜미디어 활용 한국의료 글로벌 홍보, Medical Korea 2025 콘퍼런스 홍보 | BM2: 계약만료 | BN2: 공공기관 청년인턴(체험형,채용형) | BO2: 한국보건산업진흥원 | BP2: 6개월 | BQ2: 2024.04.01 | BR2: 2024.09.30 | BS2: 의료기술RnD단 | BT2: 인턴 | BU2: 질병관리청 기획용역 관리 | BV2: 계약만료 | BW2: 공공기관 청년인턴(체험형,채용형) | BX2: 한국보건복지인재원 | BY2: 4개월 | BZ2: 2020.09.21 | CA2: 2021.01.20 | CB2: 정보화전략부 | CC2: 인턴 | CD2: 부서 Cop, 청렴, 영상시스템 계정 대여, 정보화사업·정보보안·정보시스템 등의 행정업무지원 | CE2: 계약만료 | CF2: 공공기관 청년인턴(체험형,채용형) | CG2: 한국전자통신연구원 | CH2: 2개월 | CI2: 2020.07.01 | CJ2: 2020.08.31 | CK2: 지능화정책연구실 | CL2: 인턴 | CM2: 국내외 주요 통신사 5G 시장 서비스 동향 정보수집 및 분석 | CN2: 계약만료 | CO2: - | CP2: - | CQ2: - | CR2: - | CS2: - | CT2: - | CU2: - | CV2: - | CW2: - | CX2: - | CY2: - | CZ2: - | DA2: - | DB2: - | DC2: - | DD2: - | DE2: - | DF2: - | DG2: - | DH2: - | DI2: Toeic Speaking test | DJ2: Intermediate High | DK2: 2023.11.12 | DL2: 102017 | DM2: - | DN2: - | DO2: - | DP2: - | DQ2: - | DR2: - | DS2: - | DT2: - | DU2: - | DV2: - | DW2: - | DX2: - | DY2: - | DZ2: - | EA2: - | EB2: - | EC2: - | ED2: - | EE2: - | EF2: - | EG2: - | EH2: - | EI2: - | EJ2: - | EK2: - | EL2: - | EM2: - | EN2: - | EO2: - | EP2: - | EQ2: - | ER2: - | ES2: - | ET2: - | EU2: - | EV2: - | EW2: - | EX2: - | EY2: - | EZ2: - | FA2: - | FB2: - | FC2: - | FD2: - | FE2: - | FF2: - | FG2: - | FH2: - | FI2: 2 | FJ2: 컴퓨터활용능력1급 | FK2: 대한상공회의소 | FL2: 20-K9-053724 | FM2: 2020.07.03 | FN2: 한국사능력검정시험(1급) | FO2: 국사편찬위원회 | FP2: 45-124778 | FQ2: 2019.11.08 | FR2: 보건산업진흥지원 - 15학점 | FS2: 공공 데이터사이언스의 이해 | FT2: 보건산업진흥지원 | FU2: - | FV2: - | FW2: - | FX2: 공공기관의 이슈를 다루고 R과 Tableau를 이용해 데이터를 분석하고 시각화함 | FY2: 3 | FZ2: - | GA2: - | GB2: 공공 서비스 및 정책 분석 프로젝트 | GC2: 보건산업진흥지원 | GD2: - | GE2: - | GF2: - | GG2: 공공서비스와 정책 기획·분석 전 과정을 실습하며, 실제 통계처리 및 데이터 분석을 통해 정책대안 도출 과정을 경험함 | GH2: 3 | GI2: - | GJ2: - | GK2: 프로젝트 관리 | GL2: 보건산업진흥지원 | GM2: - | GN2: - | GO2: - | GP2: 과업 분담, 일정 조정, 리스크 대응 등 프로젝트 수행 전반의 관리 기법을 실습을 통해 익힘 | GQ2: 3 | GR2: - | GS2: - | GT2: 경영정보시스템 | GU2: 보건산업진흥지원 | GV2: - | GW2: - | GX2: - | GY2: 경영환경, 정보기술의 전략적 응용, 정보기술과 조직구조 및 조직문화, 정보시스템의 전략적 계획 등에 대해 학습함 | GZ2: 3 | HA2: - | HB2: - | HC2: 비즈니스 커뮤니케이션 실무 | HD2: 보건산업진흥지원 | HE2: - | HF2: - | HG2: - | HH2: 비즈니스 프레젠테이션 역량 강화를 위해 최근 이슈를 주제로 하여 그 내용을 영어로 발표함 | HI2: 3 | HJ2: - | HK2: - | HL2: - | HM2: - | HN2: - | HO2: - | HP2: - | HQ2: - | HR2: - | HS2: - | HT2: - | HU2: - | HV2: - | HW2: - | HX2: - | HY2: - | HZ2: - | IA2: - | IB2: - | IC2: - | ID2: - | IE2: - | IF2: - | IG2: - | IH2: - | II2: - | IJ2: - | IK2: - | IL2: - | IM2: - | IN2: - | IO2: - | IP2: - | IQ2: - | IR2: - | IS2: - | IT2: - | IU2: - | IV2: - | IW2: - | IX2: - | IY2: - | IZ2: - | JA2: - | JB2: 1451 | JC2: 1499 | JD2: 1500 | JE2: 1415 | JF2: 0703 | JG2: 비해당 | JH2: 비해당 | JI2: 비해당 | JJ2: 비해당 | JK2: 비해당 | JL2: 해당(충북) | JM2: 해당(충북) | JN2: 해당 | JO2: 해당 | JP2: 비해당 | JQ2: [ 기획력과 분석력 :: 실무 경험을 통해 갖춘 역량 ] 보건산업진흥지원 직무는 보건산업 분야(제약바이오, 의료기기 등)의 기술사업화, 창업지원, 정책수립, 해외진출, 인재양성 등 경쟁력 제고를 위해 체계적으로 운영하며 성과를 관리해 나가는 역할이라고 생각합니다. 이를 위해서는 산업의 동향을 파악할 수 있는 분석력과 이를 실무로 연결할 수 있는 기획력이 필요하다고 생각합니다. 저는 이 두 역량을 갖추기 위해 다음과 같은 경험을 쌓았습니다. 첫째, 기획력입니다. 한국보건산업진흥원에서 '소셜미디어 활용 한국의료 글로벌 홍보' 사업의 전 과정을 경험했습니다. 시행계획을 작성하며 연간 운영 방향을 마련했고, 사업계획서와 실행예산서를 통해 사업 구조와 예산을 직접 배분해 보았습니다. 선정평가를 통해 수행기관을 선정한 후에는 실적 관리, 보고서 작성, 대응자료 작성 등 실무 전반을 맡았습니다. 그리고 한국의료를 알리기 위해 콘텐츠 기획, 출연자 섭외, 콘텐츠 검수까지 실질적인 사업을 수행했습니다. 정부부처, 병원, 수행기관 등 다양한 이해관계자들과 협업하면서 여러 사람과 소통하는 방법과 일정을 조율하는 방법을 배울 수 있었습니다. 그리고 사업 종료 후에는 조직성과 및 실적보고서 작성까지 사업을 책임감 있게 마무리했습니다. 사업 보조가 아닌 기획부터 실행, 평가까지 한 사이클을 경험해 보면서 사업을 주도적으로 이끌 수 있는 역량을 길렀습니다. 그 결과, 한국의료에 대한 전문성 있는 이미지를 구축할 수 있었고, 노출되면 바로 볼 수 있는 숏폼을 확대하여 본편 시청 시간 대비 15배 이상 높아 더 많은 외국인환자들에게 도달할 수 있었습니다. 특히, SNS 총구독자 수는 10만 명을 돌파하는 성과를 달성했습니다. 둘째, 분석력입니다. 한국전자통신연구원에서 인턴으로 근무하며 단순 정보 수집 업무를 맡았습니다. 그러나 이에 그치지 않고 수집한 데이터를 바탕으로 엑셀과 Tableau로 분석했습니다. 그 결과, 5G에 대한 호의적인 감정에도 불구하고 가입자 수가 늘어나지 않는 유의미한 결론을 도출해 냈습니다. 이 연구 과제를 더욱 풍부하게 작성하기 위해 자발적으로 본부 내 세미나에 참석하여 여러 자문도 구해봤습니다. 그 결과, 앞으로의 국내 5G 서비스 시장은 월드가든 형태의 폐쇄성 서비스 대신 개방성을 택해 모든 이용자에게 개방하는 전략을 내세워야 한다고 방향성을 제시하는 보고서를 작성했습니다. 실제 현업 종사자들과도 논의를 통해 분석 결과를 더욱 현실적이고 구체적으로 제안할 수 있었습니다. 이 과정에서 문제 정의, 데이터 정제, 시각화, 결론 도출 등 전 과정을 수행하며 분석을 통해 해결책을 제시할 수 있다는 것을 깨달았습니다. 향후에는 이런 실무 경험을 바탕으로 기획력을 좀 더 발전시키고 싶습니다. 분석력을 기반으로 산업의 동향을 파악하여 보건산업 지원사업의 정책 및 전략 개발, 종합계획 수립 등 보건산업 전반을 아우르는 거시적인 업무를 수행해 보고 싶습니다. | JR2: [ 책임감 :: 보건 산업의 발전을 위한 3가지 노력 ] 한국보건산업진흥원의 역할은 보건산업 육성과 국제 경쟁력 제고로 국민 삶의 질을 향상시키는 역할을 하고 있습니다. 기술사업화, 제약바이오, 의료기기, 인재양성 등 보건산업 분야의 사업을 발굴하고 활성화하기 위해 다양한 노력을 해오고 있습니다. 진흥원은 전문성과 신뢰를 기반으로 정부부처, 기업 등 다양한 이해관계자들과의 소통을 통해 도전적인 사업들을 실현해 나가고 있습니다. 이를 위해 필요한 직업윤리는 책임감이라고 생각합니다. 진흥원이 수행하는 사업은 국가의 보건의료체계를 강화하고, 국민의 생명과 건강에 직접적인 영향을 미치기 때문입니다. 저는 책임감을 갖추기 위해 3가지의 노력을 했습니다. 첫째, 진흥원 기간제로 근무하며, 'Medical Korea 2025' 홍보 총괄을 맡아 주인의식을 가지고 업무를 수행했습니다. 행사를 준비하며 복지부-진흥원-PCO와의 협업 속에서 예산, 품질, 일정 등을 고려하며 홍보 전략을 수립했습니다. 옥외전광판, KTX 열차 광고 등 매체 선정 시 타겟 효과성과 메시지 전달력을 고려했고, 카드뉴스·뉴스레터와 같은 콘텐츠들은 대중성을 고려해 표현 하나에도 신중히 처리했습니다. 블로그 인플루언서 섭외와 관련 학과 학생 참여도 제안하며 참여층을 확대했습니다. 행사의 전반적인 내용을 담은 현장 브로슈어는 정보가 한눈에 들어올 수 있도록 직관적으로 구성했습니다. 그 결과, 2024년 참석자 수 4,460명 대비 약 43% 증가라는 성과를 달성했습니다. 둘째, 진흥원 인턴으로 근무하며, 질병관리청 RnD사업 기획연구 관리 업무를 맡아 연구자들의 행정 부담을 줄이고자 노력했습니다. 7개의 기획 용역을 관리하면서 기술평가, 일정 관리, 착수계 검토, 참여 연구원 변경 등 반복적인 행정 업무를 책임감 있게 수행했습니다. 특히, 누락 방지를 위해 서류 점검표를 제작해 서명 하나까지도 꼼꼼하게 체크했습니다. 그리고 업무의 공백이 생기지 않도록 인수인계 파일을 작성하고 자주 받는 질문은 FAQ 형식으로 정리해 대응력을 높였습니다. 그 결과, 박테리오파지, 만성감염코호트 등 핵심 분야의 기획연구가 원활히 추진되는데 기여하였습니다. 셋째, 진흥원 기간제로 근무하며, 팀 주무 맡아 업무의 효율을 높이기 위한 개선을 시도했습니다. 팀에 업무를 전달할 때, 좀 더 효율적으로 확인할 수 있도록 단순히 복사-붙여넣기를 하는 것이 아닌 팀에게 필요한 핵심 정보를 미리 정리해 팀원들이 내용 파악 시간을 줄이고자 했습니다. 첨부파일 확인 전 확인해야 할 부분 언급, 셀 색상 구분, 네모 박스 표시, 엑셀 필터 등을 통해 가독성을 높이고자 했습니다. 그 결과, 팀원들이 업무의 흐름을 빠르게 파악할 수 있고 전달력이 높아졌다는 평가를 받았습니다. 입사 후, 보건산업 분야의 기술사업화나 기술이전 등의 업무를 책임감 있게 수행하고 싶습니다. 우리나라의 우수한 보건의료 기술이 더 많은 기회가 닿을 수 있도록 시장 환경을 조성하고, 국내 기업이 글로벌 경쟁력을 갖출 수 있도록 노력하겠습니다. | JS2: [ 번역 가이드라인 :: 제작 기간 단축과 콘텐츠 완성도 제고 ] 한국보건산업진흥원 기간제로 근무하며, 반복되는 번역 오류로 인한 갈등을 주도적으로 해결한 경험이 있습니다. 번역 가이드라인을 만들고 소통 방식의 개선을 통해 일정을 지키면서도 완성도를 높이는 결과를 이끌었습니다. 그리고 이해관계자 간 조율과 기획 과정 전반을 이끌며 문제 해결 역량을 길렀습니다. '소셜미디어 활용 한국의료 글로벌 홍보' 사업을 맡아 중증질환과 한국의료의 우수성을 알리는 카드뉴스를 제작하였습니다. 그러나 번역 과정에서 반복적인 오류가 발생했고, 일부 콘텐츠는 공식 의학 용어가 아닌 비공식 표현으로 번역한 것을 발견했습니다. 일부 콘텐츠는 한국의료를 오해하게 만들 수 있는 표현도 있었습니다. 처음에는 단순한 품질 이슈로 여기고 수정 요청을 했지만, 시간이 지날수록 기획보다 번역 오류를 해결하는 데 더 많은 시간을 보내고 있다는 것을 인식하게 되었습니다. 어떤 콘텐츠는 일정이 2배 이상 지연되기도 하였는데 이러한 상황이 반복되며 수행기관의 담당자와 갈등이 발생했습니다. 그 과정에서 콘텐츠 담당자와 번역 담당자 간에 책임을 두고 불편한 분위기가 형성되는 상황까지 이어졌습니다. 저는 갈등의 원인이 개인의 실수가 아닌 의료 분야에 대한 전문성 부족과 가이드라인 부재 속에 있다고 생각했습니다. 질환명이나 한국의료 현황 문구는 잘못 번역되면 신뢰도 차원에서 영향을 줄 수 있는 부분이기 때문에 구체적인 가이드라인이 필요하다고 판단했습니다. 단순히 수정만 요청하는 것이 아니라 오류를 방지할 수 있는 구조를 갖추는 것이 우선이라고 생각했습니다. 이에 저는 세 가지의 해결 방안을 마련했습니다. 첫째, 번역 가이드라인을 마련했습니다. 의학 용어와 관련 표현의 오류를 줄이기 위해 반드시 공식적 의학 용어를 사용할 것을 명시했습니다. 질환명이나 보건의료 관련 문구는 WHO, NIH 등 공신력 있는 기관의 용례를 참고할 수 있도록 했습니다. 중국어나 러시아어처럼 문화적 차이가 큰 언어는 현지 검색 엔진과 포털을 통해 자연스러운 표현을 반영하도록 했습니다. 둘째, 검수 과정에서 소통 방식을 개선했습니다. 기존에는 잘못된 번역 문장에 대한 수정 요청만 요구했지만, 이후에는 번역 의도와 문맥을 함께 확인하는 방식으로 전환해 오류 가능성을 줄여나갔습니다. 담당자 간 피드백도 정리된 양식으로 주고받으며 수정횟수와 소요 시간을 절반 이상으로 줄일 수 있었습니다. 셋째, 일정 안정화를 위한 사전 협의와 일정 조율을 강화했습니다. 콘텐츠 제작 초기 단계부터 번역 담당자와 일정 공유를 시작했습니다. 시안 전달 일정도 1~2일 앞당겨 의견을 반영할 수 있는 여유시간을 확보해 제작 일정이 안정적으로 유지될 수 있었습니다. 그 결과, 제작일정이 안정화되고 콘텐츠의 질에 집중할 수 있게 되었습니다. 수행기관 측에서도 가이드라인이 생겨 작업 효율이 높아졌다는 반응을 보였습니다. 앞으로도 갈등이 생기면 원인을 분석하고, 가이드라인을 마련하여 정확하고 일관성 있는 태도로 문제를 해결해 나가겠습니다. | JT2: [ 사전대응력과 창의력 보완 :: 보건산업분야 기획 역량의 확장 ] 저의 강점은 '사전대응력'이 높다는 점입니다. 업무의 구조를 빠르게 파악하고, 발생할 수 있는 문제들을 사전에 대비하고 발견하여 업무를 안정적으로 이끌어 나갈 수 있습니다. 실제로 'K-블록버스터 글로벌 진출 지원' 사업을 수행하며, 행사장 임차 계약서를 검토하던 중 내부 계획안과 임차 시간대가 맞지 않는 것을 발견했습니다. 아직 국내 참가 기업에는 공지가 나가기 전이었고, 사수 선생님과 팀장님 모두 해당 오류를 인지하지 못한 상황이었습니다. 발견한 즉시 빠르게 보고하여 수정안을 반영하였고, 혼선이 생기기 전에 조율을 마칠 수 있었습니다. 만약 이 문제가 행사를 앞두고 발견되었다면 공지 변경과 일정 재조율로 큰 혼란이 발생했을 것입니다. 그러나 사전에 발견한 덕분에 일정 지연이나 책임 소재 갈등 없이 안정적으로 진행될 수 있었습니다. 이러한 강점은 진흥원의 업무환경과도 매우 연관성이 있다고 생각합니다. 다양한 이해관계자와 협업하고, 글로벌 네트워크 속에서 일정을 조율해야 하는 상황이 많기 때문입니다. 따라서 사전에 발생할 수 있는 문제를 발견하고 유연하게 대처하는 모습은 업무의 정확성과 신뢰 확보에 도움이 될 것입니다. 특히, 기술사업화, 기술이전, 제약바이오 및 의료기기산업 해외진출 등은 계약, 평가, 홍보 등 여러 흐름을 동시에 파악해야 하므로 사전대응력이 더욱 중요하다고 생각합니다. 저는 이러한 강점을 바탕으로 복잡한 환경에서도 중심을 잡고 업무를 수행할 것입니다. 반면, 저의 약점은 창의력이 다소 부족하다는 점입니다. 완전히 새로운 백지에서 결과물을 만들어야 하는 상황에서는 무엇부터 시작해야 할지 막막함을 느끼는 편이지만, 분석력과 대인관계 역량을 통해 극복해 나가고 있습니다. '소셜미디어 활용 한국의료 글로벌 홍보' 사업의 발주를 준비하며, 기존 콘텐츠와의 차별성을 고민하게 되었습니다. 그 과정에서 쉽게 방향을 잡지 못해 상급자의 의견을 경청하여 조언을 얻은 뒤, 현지 환우회와의 연계라는 실질적인 접근을 아이디어로 발전시켜 반영했습니다. 또한, 자료조사를 통해 중증질환과 더불어 경증질환까지 콘텐츠의 범위를 확장할 수 있도록 계획하였습니다. 이처럼 약점을 분석력과 대인관계 역량으로 보완하고 있습니다. 창의적인 접근이 필요할 때에는 핵심을 파악하여 다양한 정보와 사람들 의견을 듣고 현실적인 기획으로 발전시키는 전략을 세우고 있습니다. 입사 후에도 사전대응력과 분석력, 대인관계 역량을 통해 실무 경험을 쌓아 보건산업 전반을 아우르는 전략적인 기획을 세워보고 싶습니다. 보건산업의 해외 진출과 기술이전의 기반이 되는 기획과 홍보 업무를 맡게 된다면 저의 강점은 더욱 발전시키고, 약점은 보완해 나갈 수 있을 것입니다. 유연하게 대응하고 실행력을 바탕으로 보건산업의 글로벌 진출을 위해 끊임없이 성장해 나가겠습니다.
A3: 0005-000012 | B3: 곽자영 | C3: 1지망 : 국제의료사업지원-정규직(전임)-전문직/연구원-오송 | D3: 04_국제의료사업지원-정규직(전임)-전문직/연구원-오송 | E3: 1 | F3: 2025.07.18 | G3: 제출완료 | H3: 2025.07.31 | I3: Kwak Jayoung | J3: wkdud0775@naver.com | K3: 010-9698-0423 | L3: 010-8622-0139 | M3: 해당없음 | N3: 해당없음 | O3: 비대상 | P3: - | Q3: - | R3: - | S3: - | T3: - | U3: - | V3: - | W3: - | X3: - | Y3: - | Z3: - | AA3: - | AB3: - | AC3: - | AD3: - | AE3: - | AF3: - | AG3: - | AH3: - | AI3: - | AJ3: - | AK3: - | AL3: - | AM3: - | AN3: - | AO3: - | AP3: - | AQ3: - | AR3: - | AS3: - | AT3: - | AU3: 1년4개월 | AV3: 계약직 | AW3: 한국보건산업진흥원 | AX3: 1개월 | AY3: 2025.07.01 | AZ3: 재직중 | BA3: 제약바이오산업단 | BB3: 연구원 | BC3: 해외 제약 전문가 컨설팅 지원사업 수행 | BD3: 재직 중 | BE3: 계약직 | BF3: 한국보건산업진흥원 | BG3: 1년3개월 | BH3: 2024.04.01 | BI3: 2025.06.30 | BJ3: 외국인환자유치단 | BK3: 연구원(계약직) | BL3: 홈페이지 총괄운영(메디컬코리아홈페이지, 국제의료정보포털), 외국인환자 유치 및 의료기관 진출 홍보물 제작, 한국 의료서비스 인식도 보고서 발간, 메디컬코리아 콘퍼런스 행사 준비 | BM3: 계약 만료에 의한 퇴직 | BN3: - | BO3: - | BP3: - | BQ3: - | BR3: - | BS3: - | BT3: - | BU3: - | BV3: - | BW3: - | BX3: - | BY3: - | BZ3: - | CA3: - | CB3: - | CC3: - | CD3: - | CE3: - | CF3: - | CG3: - | CH3: - | CI3: - | CJ3: - | CK3: - | CL3: - | CM3: - | CN3: - | CO3: - | CP3: - | CQ3: - | CR3: - | CS3: - | CT3: - | CU3: - | CV3: - | CW3: - | CX3: - | CY3: - | CZ3: - | DA3: - | DB3: - | DC3: - | DD3: - | DE3: - | DF3: - | DG3: - | DH3: - | DI3: - | DJ3: - | DK3: - | DL3: - | DM3: - | DN3: - | DO3: - | DP3: - | DQ3: - | DR3: - | DS3: - | DT3: - | DU3: - | DV3: - | DW3: - | DX3: - | DY3: OPIc(영어) | DZ3: Intermediate Mid 3 | EA3: 2025.04.26 | EB3: 205119614572 | EC3: - | ED3: - | EE3: - | EF3: - | EG3: - | EH3: - | EI3: - | EJ3: - | EK3: - | EL3: - | EM3: - | EN3: - | EO3: - | EP3: - | EQ3: - | ER3: - | ES3: - | ET3: - | EU3: - | EV3: - | EW3: - | EX3: - | EY3: - | EZ3: - | FA3: - | FB3: - | FC3: - | FD3: - | FE3: - | FF3: - | FG3: - | FH3: - | FI3: 1 | FJ3: 한국사능력검정시험(1급) | FK3: 국사편찬위원회 | FL3: 72-113573 | FM3: 2024.10.31 | FN3: - | FO3: - | FP3: - | FQ3: - | FR3: 국제의료사업지원 - 15학점 | FS3: 사법일반이론 연구 | FT3: 국제의료사업지원 | FU3: - | FV3: - | FW3: - | FX3: 민법 일반 이론 연구, 계약법 관련 주요 판례 분석 | FY3: 3 | FZ3: - | GA3: - | GB3: 정책법학이론연구 | GC3: 국제의료사업지원 | GD3: - | GE3: - | GF3: - | GG3: 입법학 이론 연구 및 사례 조사 | GH3: 3 | GI3: - | GJ3: - | GK3: 대체적 분쟁해결 특수 연구 | GL3: 국제의료사업지원 | GM3: - | GN3: - | GO3: - | GP3: 대체적 분쟁해결 이론 및 적용 사례 조사 연구 | GQ3: 3 | GR3: - | GS3: - | GT3: 행정법 | GU3: 국제의료사업지원 | GV3: - | GW3: - | GX3: - | GY3: 행정법 이론 연구 | GZ3: 3 | HA3: - | HB3: - | HC3: 국제경제학 | HD3: 국제의료사업지원 | HE3: - | HF3: - | HG3: - | HH3: 통상, 무역, 정책, 미시경제 | HI3: 3 | HJ3: - | HK3: - | HL3: 국제의료사업지원 - 14시간 | HM3: 보건복지부 정보화사업기획과정 | HN3: 국제의료사업지원 | HO3: 14 | HP3: - | HQ3: - | HR3: - | HS3: 보건복지부 산하 공공기관 대상 정보화사업 기획 및 역량강화 교육 | HT3: 한국보건복지인재원 | HU3: - | HV3: - | HW3: - | HX3: - | HY3: - | HZ3: - | IA3: - | IB3: - | IC3: - | ID3: - | IE3: - | IF3: - | IG3: - | IH3: - | II3: - | IJ3: - | IK3: - | IL3: - | IM3: - | IN3: - | IO3: - | IP3: - | IQ3: - | IR3: - | IS3: - | IT3: - | IU3: - | IV3: - | IW3: - | IX3: - | IY3: - | IZ3: - | JA3: 14 | JB3: 1490 | JC3: 1475 | JD3: 1393 | JE3: 1355 | JF3: 0423 | JG3: 비해당 | JH3: 비해당 | JI3: 비해당 | JJ3: 비해당 | JK3: 비해당 | JL3: 해당(경북) | JM3: 비해당 | JN3: 비해당 | JO3: 해당 | JP3: 비해당 | JQ3: 한국보건산업진흥원의 국제의료사업은 성공적인 외국인환자유치 및 의료해외진출을 위해, 외국인환자에게 안전하고 수준 높은 의료서비스를 제공하고, 국내 의료기관의 해외 진출 지원을 목표로 합니다. 이를 위해 법∙제도 개선, 국내외 의료서비스 시장 분석을 통한 유치∙진출 전략 수립, 지원사업 운영, 브랜드 관리 및 홍보 등의 기능을 수행하고 있습니다. ‘보건의료 법∙제도’와 ‘의료서비스 시장’에 대한 이해는 국제의료사업을 수행을 위해 반드시 필요하다 생각합니다. 진흥원의 국제의료사업은 『의료 해외진출 및 외국인환자 유치 지원에 관한 법률』을 근거로 합니다. 국제의료사업은 법과 제도에 기반하여 사람의 생명∙신체에 직결되는 의료서비스가 안전하고 효과적으로 제공되도록 설계되었습니다. 의료서비스의 무분별한 상업화를 방지하면서, 국가적 신뢰를 기반으로 국제적인 경쟁력을 확보해야 하는 이중적 목표를 갖고 있기에, 법제도에 대한 이해가 중요합니다. 동시에 글로벌 의료서비스 시장에 대한 이해 또한 요구 됩니다. 효과적인 전략 수립을 위해 의료서비스 유형별, 국가별, 문화, 소비, 제도 등의 시장 분석이 필요합니다. 법학 학사 및 석사 과정을 통해 법∙제도에 대한 이해를 쌓아왔으며, 진흥원의 업무 경험을 통해 국제의료사업에 대한 역량을 준비하였습니다. 학부에서는 법학과 경제학을 복수전공 하였고, 석사과정에서는 ‘보건의료데이터의 안전한 활용을 위한 법제 연구’를 주제로 개인정보의 보호와 활용의 균형에 대해 연구하였습니다. 실무에서는 외국인환자 유치 실적을 기반으로 ‘외국인 환자가 많이 찾는 의료기관 책자’ 제작 업무를 맡아, 보건의료 데이터 활용을 경험하였습니다. Raw data를 분석∙가공 하여 병원 유형별, 진료과별, 국적별, 지역별 등 기준으로 정리하고 154개 의료기관 정보를 5개 언어로 번역∙검수 하여 책자로 제작한 경험은, 제가 연구했던 보건의료 데이터의 ‘공익적 활용과 정보보호의 균형’이라는 주제를 실무에서 경험할 수 있는 뜻 깊은 일이었습니다. 또한 ‘한국 의료서비스 해외 인식도 조사’ 보고서 발간 업무를 수행하며, 한국의료에 대한 인지도∙신뢰도∙접근성∙경쟁국과의 비교 등 다양한 요소를 고려한 데이터 분석을 통한 전략 국가 도출 과정을 경험하였습니다. 단순한 수치 해석을 넘어 정책적, 사업적 전략 수립을 도출했던 경험을 통해 실무적 역량과 시각을 넓힐 수 있었습니다. 이러한 경험을 바탕으로 ‘2025 메디컬코리아 콘퍼런스’ 준비에 참여하여, 전시홍보관 총괄 및 콘퍼런스 등록 업무를 담당하였습니다. 22개 외국인환자 유치 및 진출 의료기관과 유관단체를 섭외하고, 현장 미팅을 조율하며 진흥원이 수행하는 정책적 사업이 실질적 유치∙진출 성과로 이어지는 과정을 보며 업무의 자부심을 느낄 수 있었습니다. 법∙제도에 대한 이해와 데이터 분석 업무 경험을 바탕으로, 보건의료 정책과 현장의 연결을 함께 볼 수 있었습니다. 이러한 저의 역량을 지속적으로 발전시켜 학문과 경험을 실무에 적용하며, 국제의료사업의 발전에 이바지 하고 싶습니다. | JR3: [보건의료 제도와 산업의 가교역할] 한국보건산업진흥원은 우수한 한국의료 서비스와 제약∙바이오 산업이 글로벌 시장에서 경쟁력을 갖추고 성장할 수 있도록, 제도적∙산업적 기반을 마련하는 기관이라고 생각합니다. 국내 의료기관의 해외 진출, 외국인환자유치, 제약∙바이오 기업과 연구자들이 글로벌 시장에 성공적으로 참여할 수 있도록 국가 차원의 제도 정비와 현장 맞춤형 전략을 함께 수립하는 것이 진흥원의 핵심 역할이라 생각합니다. 진흥원의 업무 경험을 통해, 진흥원은 단순한 관료 조직이 아닌, 산업과 현장을 이해하고 함께 뛰는 실천적 파트너로서 기능하고 있다고 느꼈습니다. 특히, 국제의료사업과 제약바이오산업 업무 경험을 통해, 국내 의료기관과 사업자 및 중소 제약업체에 대한 제도적 지원과 역량강화 사업을 수행하며, 한국 보건의료 산업 발전에 기여하는 진흥원의 역할을 체험할 수 있었습니다. 즉, 진흥원의 핵심가치는 산업과 제도 가교 역할을 통해, 보건의료 산업의 공공성과 글로벌 경쟁력을 함께 발전시켜나가는 조직이라 생각합니다. [생명윤리와 사회적 책임] 보건의료산업은 개인의 생명∙신체∙건강에 직결된 분야로서, 생명에 대한 높은 윤리의식과 사회적 책임이 필요합니다. 특히 진흥원의 국제의료사업은 한국의료를 전 세계에 알리는 역할을 담당하는 만큼, 제도 이해와 시장 분석 능력 뿐 아니라, 한국의료를 대표한다는 사명감과 의료의 공공성, 환자의 생명에 대한 윤리 의식이 무엇보다 중요하다 생각합니다. 외국인환자를 대상으로 의료서비스를 제공하거나, 의료기관의 해외 진출을 지원하는 과정에서 단순히 산업적 발전만 추구하는 것이 아닌 환자의 생명과 건강 증진을 위한 태도와 사회적 책임이 필요합니다. 또한 외국인환자 뿐 아니라 국내 환자의 생명과 건강이 경시되지 않도록 주의해야 하며, 외국인 환자를 이해하기 위하여 환자의 문화적 배경과 권리 등에 대한 균형있는 시각이 필요합니다. ‘정확한 정보의 효과적 전달, 정보 접근성 향상’을 통해 생명윤리와 사회적 책임을 실현할 수 있다고 생각합니다. 외국인환자에게 안전하고 신뢰할수 있는 의료서비스를 선택하고 이용할 수 있도록 조력하는 것이 중요합니다. 진흥원 업무 중 한국의료에 대한 정보를 제공하는 홈페이지 관리 업무를 경험하였습니다. 단순히 보고서, 자료 등을 업로드하는 것이 아닌, 일반 국민과 외국인도 이해할 수 있도록 홈페이지의 디자인 구성, 용어, 표현 등을 보완하기 위하여 노력하였습니다. 특히 생명, 건강에 직결되는 정보일 수록 전문성과 함께 사용자가 인식하기 쉽게 전달되어야 한다고 생각하였습니다. 또한, 다국어 콘텐츠를 제작하며 외국인환자가 진흥원의 사업과 한국의 의료기관, 의료서비스에 대한 정보를 효과적으로 이해하고 활용할 수 있는 방안을 고민하였습니다. 실질적으로 외국인환자에게 필요한 정보를 중심으로 콘텐츠를 구성하고, 디자인하는 것을 위해 노력하였습니다. 진흥원의 사업이 생명윤리와 사회적 책임을 바탕으로 국제적 경쟁력을 갖추도록 하는것에 기여하고 싶습니다. | JS3: [공감과 소통을 통한 문제 해결 - 사례1) 글로벌 입법캠프] 학부와 대학원 시절, 한국∙캄보디아∙태국 법학과 학생들이 모여 각 국가의 법제 개선이 필요한 이슈를 나누고 입법제안을 위해 연구하는 프로젝트에 참여하였습니다. 프로그램의 초기 목표은 ‘한국의 성공적인 법제와 정책을 소개하고, 이를 통해 동남아시아의 사회적 문제 해결을 위한 법제연구’ 이었습니다. 그러나 실제로 캄보디아∙태국 학생들을 만나보니, 자국의 사회문제에 대해 공개적으로 논의하는 것에 불편함을 드러냈습니다. 한국 학생들은 이에 크게 당황하였고, 프로그램의 진행이 어려운 상황이었습니다. 사회적 문제 해결을 위한 법제개선 연구는 중요하지만, 각 국가 학생의 입장을 충분히 고려하지 못하였다는 것을 깨달았습니다. 문제 해결을 위해 한국 팀원들을 설득하여, 연구에 앞서 캄보디아와 태국 학생의 입장 고려가 선행되어야 함을 이야기 하였습니다. 외국 학생들에게, 한국 역시 유럽과 미국 등의 법제연구를 통해 여전히 법제 개선과 발전을 위해 노력하고 있다는 점을 설명하였습니다. 이를 통해 각 국가의 사회적 문제와 법제 개선에 대한 공감대를 형성할 수 있었습니다. 이후 캄보디아의 ‘공공병원 의사의 개인병원에서의 겸직에 따른 공공의료 체계 붕괴 문제’를 주제로 선정할 수 있었습니다. 이에 대하여 한국 공무원의 겸직금지원칙을 인용하여, ‘공공병원 의사의 겸직금지’를 규정하는 의료법 개정안을 제시하였습니다. 이러한 경험을 통해 타 국가 연구자의 입장을 깊이 배려하고 소통하기 위하여는 ‘공감’이 선행되어야 함을 배울 수 있었습니다. 진흥원 업무를 수행하며, 문제와 갈등이 발생하는 경우에 효율성과 문제해결 방안만 강요하는 것이 아니라 소통, 배려, 공감을 바탕으로 문제를 해결해 나갈 것입니다. 동료와 선배, 보직자의 입장을 고려하고 공감하는 태도로 조직에 기여하겠습니다. [공감과 소통을 통한 문제 해결 - 사례2) 지도교수님 연구 참여] 지도 교수님의 연구과제에 학생 연구자로 다수 참여한 경험이 있습니다. 교수님, 선임연구원과의 원활한 소통이 어려운 상황에서, 학생 연구자들 간의 중복 보고와 책임 불분명 문제가 발생하여 팀 내 갈등이 심화되었습니다. 이러한 문제 상황을 해결하기 위해 ‘보고체계와 과제 분담 방식 정비’를 제안하였습니다. 팀 내 주간업무 보고 담당자, 연구 자료 취합 담당자를 지정하고, 학생 각자의 상황을 고려하여 과제 분량을 조정하였습니다. 보고 이전 취합 담당자가 각자의 업무 수행도를 점검하여 공유하였고, 학생간 랩미팅, 교수님과의 랩미팅을 병행하였습니다. 이를 통해 학생들 간 갈등을 최소화 하고 연구과제를 성공적으로 마무리 한 경험이 있습니다. 이러한 경험을 바탕으로 진흥원 업무 수행 시, 원활하고 체계적인 소통을 위한 업무 수행 방법을 끊임없이 고민하고 적용해 나가도록 하겠습니다. | JT3: [제도와 산업에 대한 종합적 이해능력과 문제해결 역량] 저의 강점은 ‘법∙제도∙산업에 대한 종합적 이해 능력’과 ‘제도와 현장을 연결하는 문제해결 역량’입니다. 법학 석사 과정에서 보건의료 데이터의 보호와 활용 방안에 대한 연구를 통해 정책과 현장을 함께 이해하는 문제 해결 역량을 키울 수 있었습니다. 또한 지도교수님, 선임박사님과의 다수 연구 경험을 통해 리서치 및 분석 능력과 의사소통 역량을 준비하였습니다. 이를 바탕으로 제도와 산업의 가교 역할을 하는 진흥원의 사업에 실질적으로 기여할 수 있을 것이라 기대합니다. 진흥원의 업무 경험을 통해, 진흥원은 ‘현장에 기반한 정책 실현’과 이를 위한 ‘유연한 협업’ 을 중요시하는 조직문화를 가지고 있다고 생각했습니다. 특히 외국인환자 유치를 위하여 복잡한 제도나 데이터를 일반인과 외국인이 이해하기 쉽게 설명하거나, 제도 개선을 위한 현장의 목소리 청취 하는 사업을 통해, 국제의료사업은 단순한 수치분석을 넘어 정치∙경제∙사회∙문화적 배경의 종합적 이해를 바탕으로 전략 수립이 필요하다는 점을 깨달았습니다. 실제로 한국의료 홍보를 위한 다국어 홈페이지 운영, 다국어 홍보 콘텐츠 제작, 인식도 조사 보고서 발간, 국제 행사 준비 등에 참여하며 현장의 요구와 제도 간의 효과적인 조율을 경험할 수 있었습니다. 또한, 저는 적극적인 소통을 바탕으로 구성원간 협업 업무에 기여할 수 있습니다. 국제의료사업의 홍보 업무를 담당하며, 부서 내 다양한 사업 담당자와 소통하며 내용을 취합, 정리하여 콘텐츠로 제작한 경험이 있습니다. 나아가 국제 행사준비 과정에서의 현장 실무자들과의 소통 경험, 진흥원 내 보직자들과의 소통 과정에서 정확한 정보와 신뢰를 전달하기 위하여 노력하였습니다. 이러한 경험을 바탕으로 진흥원 입사 후 부서 간, 기관 간, 국내외 이해관계자 간의 소통을 유연하게 이끌어 발전적인 성장에 기여하고 싶습니다. [보완점에 대한 인식과 개선 노력] 저는 ‘업무 처리 속도’에 대한 보완이 필요하다 생각합니다. 실무 경력이 상대적으로 짧고, 처음 수행하는 업무에 대한 이해와 숙지를 위한 시간이 다소 필요하였으며, 실수를 줄이기 위한 반복 검토로 인해 빠른 대응이 늦어지는 경우가 있었습니다. 진흥원에서 업무를 경험하며 ‘완벽하게 계획하는 것’ 보다 ‘주어진 시간 내에 유연하게 대응 하는 것’이 효과적인 경우가 많다는 점을 배웠습니다. 이를 통해 일의 중요도, 우선순위, 일정에 따라 업무를 분배하여 처리하고 피드백을 받으며 업무의 속도감과 완성도를 함께 높이기 위해 노력하고 있습니다. 앞으로도 유연하고 정확한 업무처리, 환경 변화에 대한 순발력있는 대응, 업무에 대한 책임의식을 갖고 진흥원에 기여하는 실무형 인재로 꾸준히 성장해 나가길 기대합니다.
A4: 0005-000026 | B4: 이보연 | C4: 1지망 : 보건산업진흥지원-정규직-전문직/연구원-오송 | D4: 03_보건산업진흥지원-정규직-전문직/연구원-오송 | E4: 1 | F4: 2025.07.18 | G4: 제출완료 | H4: 2025.07.30 | I4: Lee Boyeon | J4: boyun324@naver.com | K4: 010-4019-4315 | L4: 010-4163-9413 | M4: 해당없음 | N4: 해당없음 | O4: 비대상 | P4: - | Q4: - | R4: - | S4: - | T4: - | U4: - | V4: - | W4: - | X4: - | Y4: - | Z4: - | AA4: - | AB4: - | AC4: - | AD4: - | AE4: - | AF4: - | AG4: - | AH4: - | AI4: - | AJ4: - | AK4: - | AL4: - | AM4: - | AN4: - | AO4: - | AP4: - | AQ4: - | AR4: - | AS4: - | AT4: - | AU4: 5년10개월 | AV4: 정규직 | AW4: 엔에이백신연구소 | AX4: 2년7개월 | AY4: 2023.01.01 | AZ4: 재직중 | BA4: 개발본부 임상팀 | BB4: 대리 | BC4: (R&D 기획) 백신 및 면역항암제 개발 전략 수립, (문헌 조사) 임상/비임상 문헌 조사 및 자료 기획, (임상개발) 임상시험 시놉시스 작성 및 식약처 사전상담 대응 등 IND 제출 준비 및 초기 임상개발 전반을 담당 | BD4: 보건산업 정책·기획 분야 도전 희망 | BE4: 정규직 | BF4: 퓨전바이오텍 | BG4: 2년9개월 | BH4: 2020.03.02 | BI4: 2022.12.29 | BJ4: 개발팀 | BK4: 대리 | BL4: (비임상 기획) 노인성 황반변성 치료제 비임상 독성시험 기획, (CRO 관리) CRO 계약 및 일정 관리, (프로젝트 관리) 개발 일정 및 재고관리 체계 수립, (연구 전략 기획) 외부 전문가 자문을 통한 신약 개발 전략 수립 등 전임상 연구 기획 및 운영, (국가과제 수행) 국가과제 제안서 작성 및 수행, (투자유치) IR 자료 제작 및 VC 미팅 참석 등 투자유치 지원 업무 | BM4: 임상 및 기획 업무로의 커리어 전환을 위함 | BN4: 인턴(공공기관 외) | BO4: ㅇㅇ대학교 | BP4: 6개월 | BQ4: 2019.09.01 | BR4: 2020.03.01 | BS4: 산학협력단 | BT4: 인턴 | BU4: 청년 TLO 육성사업 참여, 특허 기반 기술이전 교육 수료 및 특허자료 정리 업무 수행. 이후 교내 벤처기업(퓨전바이오텍)으로 파견되어 신약개발 초기 연구개발 실무 수행 | BV4: 계약기간 만료 | BW4: - | BX4: - | BY4: - | BZ4: - | CA4: - | CB4: - | CC4: - | CD4: - | CE4: - | CF4: - | CG4: - | CH4: - | CI4: - | CJ4: - | CK4: - | CL4: - | CM4: - | CN4: - | CO4: - | CP4: - | CQ4: - | CR4: - | CS4: - | CT4: - | CU4: - | CV4: - | CW4: - | CX4: - | CY4: - | CZ4: - | DA4: - | DB4: - | DC4: - | DD4: - | DE4: - | DF4: - | DG4: - | DH4: - | DI4: Toeic Speaking test | DJ4: Advanced Low | DK4: 2025.01.26 | DL4: 100979 | DM4: - | DN4: - | DO4: - | DP4: - | DQ4: - | DR4: - | DS4: - | DT4: - | DU4: - | DV4: - | DW4: - | DX4: - | DY4: - | DZ4: - | EA4: - | EB4: - | EC4: - | ED4: - | EE4: - | EF4: - | EG4: - | EH4: - | EI4: - | EJ4: - | EK4: - | EL4: - | EM4: - | EN4: - | EO4: - | EP4: - | EQ4: - | ER4: - | ES4: - | ET4: - | EU4: - | EV4: - | EW4: - | EX4: - | EY4: - | EZ4: - | FA4: - | FB4: - | FC4: - | FD4: - | FE4: - | FF4: - | FG4: - | FH4: - | FI4: 1 | FJ4: 컴퓨터활용능력2급 | FK4: 대한상공회의소 | FL4: 25-K9-044553 | FM4: 2025.07.22 | FN4: - | FO4: - | FP4: - | FQ4: - | FR4: 보건산업진흥지원 - 15학점 | FS4: 기업가 정신과 혁신 | FT4: 보건산업진흥지원 | FU4: - | FV4: - | FW4: - | FX4: (기술창업 실무 체험) 기업가정신의 이론적 기반과 실제 적용 사례를 학습하고, 팀 프로젝트를 통해 실제 창업 상황을 가정한 비즈니스 모델 기획 및 발표를 수행한 과목. 시장조사, 수요분석, 비즈니스 모델 캔버스 작성, 차별화 전략 수립, 피칭 발표까지 전 과정에 참여하며 기술창업의 전반적 흐름과 실행 방법론을 체득함. (직무 관련성) 기술사업화 및 창업지원 시 기업의 입장을 이해하는 기반 지식으로 활용할 수 있음. | FY4: 3 | FZ4: - | GA4: - | GB4: 현대생명과학동향 | GC4: 보건산업진흥지원 | GD4: - | GE4: - | GF4: - | GG4: (생명과학 기술 트렌드 이해) 최신 생명과학 연구 및 기술 동향을 분석하고, 논문과 사례 발표를 통해 변화하는 생명과학 기술의 산업적 영향력을 이해한 과목. (직무 관련성) 국내외 산업 동향 분석, 보건산업 정책 및 연구 기획 시 필요한 기초 지식으로 활용할 수 있음. | GH4: 3 | GI4: - | GJ4: - | GK4: 생명공학개론 | GL4: 보건산업진흥지원 | GM4: - | GN4: - | GO4: - | GP4: (생명공학 기술 학습) 생명공학 기술의 개념, 응용 분야, 산업 적용 사례 등을 포괄적으로 다룬 과목. 유전자 조작, 단백질 공학, 조직공학 등 생명공학 기반 기술이 어떻게 적용되는지 학습함. (직무 관련성) 신약 기술 검토 및 바이오의약품 개발 지원 시 기술적 이해를 위한 기반 지식으로 활용할 수 있음. | GQ4: 3 | GR4: - | GS4: - | GT4: 면역학 | GU4: 보건산업진흥지원 | GV4: - | GW4: - | GX4: - | GY4: (면역 반응 메커니즘 이해) 선천면역과 후천면역의 작동 원리, 백신의 작용 메커니즘, 항체와 항원 간 상호작용, 자가면역 질환 등 면역학의 핵심 개념을 학습한 과목. 특히, 바이오의약품 및 백신 개발의 기초가 되는 면역세포 활성화, 면역 반응 조절 메커니즘 등을 깊이 있게 이해함. (직무 관련성) 바이오의약품 메커니즘에 대한 이해 능력, 신약 및 백신 관련 정책·지원 사업 수행 시 요구되는 생물학적 기반 지식으로 활용할 수 있음. | GZ4: 3 | HA4: - | HB4: - | HC4: 고급세포생물학 | HD4: 보건산업진흥지원 | HE4: - | HF4: - | HG4: - | HH4: (세포 신호전달·사멸 기전 심화 학습) 세포 구조 및 기능에 대한 심화 이론을 중심으로, 세포 내 신호전달, 세포 분열, 세포사멸, 세포간 상호작용 등을 분자적 수준에서 이해하는 과목. (직무 관련성) 특히 바이오의약품 개발, 항암제, 세포치료제와 직접적으로 연결되는 기초 지식으로 활용할 수 있음. | HI4: 3 | HJ4: - | HK4: - | HL4: 보건산업진흥지원 - 145시간 | HM4: 의약품 규제업무 전문가 양성과정 | HN4: 보건산업진흥지원 | HO4: 100 | HP4: - | HQ4: - | HR4: - | HS4: (의약품 전주기 규제) 약사법, 임상시험, 품목허가, GMP, 특허, 안전관리 등 의약품 개발 전주기에 대한 규제지식을 학습하고 수료시험을 통과함. (직무 관련성) 의약품 정책과 규제 이해를 바탕으로 제약·바이오 사업 기획 및 정책 수립 시 법적 기반을 갖춘 기획 역량을 발휘할 수 있음. | HT4: 식품의약품안전처/한국에프디시법제연구원 | HU4: 신약개발 Project Management 사례중심과정 | HV4: 보건산업진흥지원 | HW4: 6 | HX4: - | HY4: - | HZ4: - | IA4: (R&D 기획 및 평가) 신약개발 전임상·임상·허가 전 과정을 중심으로 단계별 일정 및 리스크 관리, 전략 수립, 기획·성과 평가 방법을 사례 기반으로 학습함. (직무 관련성) 보건산업 R&D 지원 및 정책사업 성과관리 업무 시 단계별 일정 및 리스크 관리에 활용할 수 있음. | IB4: 한국보건복지인재원 | IC4: 글로벌기술사업화 아카데미(전략과정) | ID4: 보건산업진흥지원 | IE4: 24 | IF4: - | IG4: - | IH4: - | II4: (기술사업화 전략) 기술이전, 가치평가, 포트폴리오 관리, 오픈이노베이션, 투자전략 등 사업화 및 라이센싱 전략 수립 역량을 강화함. (직무 관련성) 기술사업화와 라이센싱 관련 실무지식을 기반으로 창업지원 또는 기술사업화 지원사업 기획 및 운영에 활용할 수 있음. | IJ4: 제약바이오 사업개발연구회 | IK4: 제약바이오헬스산업 스타트업 창업 및 성장전략 아카데미 | IL4: 보건산업진흥지원 | IM4: 14 | IN4: - | IO4: - | IP4: - | IQ4: (창업 및 사업계획) 제약∙바이오 창업을 위한 R&D·인허가 전략, 사업계획서 작성, 비즈니스 모델 수립 등 스타트업 성장단계별 전략을 학습함. (직무 관련성) 창업 전략 및 비즈니스 모델 수립 역량을 바탕으로 보건산업 창업지원 프로그램의 설계 및 지원 업무 시 활용할 수 있음. | IR4: 한국신약개발연구조합 | IS4: 국가연구개발사업 성과평가의 실제(입문) | IT4: 보건산업진흥지원 | IU4: 1 | IV4: - | IW4: - | IX4: - | IY4: (성과평가 제도 이해) 국가 R&D사업의 추진체계, 성과지표, 통계 시스템 등 성과평가 제도 전반에 대한 이해를 통해 정책기획 및 평가 역량을 함양함. (직무 관련성) 보건산업 분야의 연구개발 성과를 분석하고 정책성과 평가 업무에 필요한 기반 지식으로 활용할 수 있음. | IZ4: 과학기술인력개발원 | JA4: 145 | JB4: 1473 | JC4: 1480 | JD4: 1481 | JE4: 1475 | JF4: 0324 | JG4: 비해당 | JH4: 비해당 | JI4: 비해당 | JJ4: 비해당 | JK4: 비해당 | JL4: 해당(울산) | JM4: 비해당 | JN4: 비해당 | JO4: 비해당 | JP4: 비해당 | JQ4: [신약개발 전주기 이해를 바탕으로 실질적 전략 수립에 기여] 해당 직무는 제약·바이오 및 의료기기 등 보건산업 분야의 기술사업화와 창업을 촉진하기 위해, 유망 기술이나 아이템을 보유한 연구기관, 병원, 기업 등을 대상으로 기술이전, 기술평가, 창업지원, 글로벌 진출 등 전주기적 지원을 기획·운영하는 역할을 수행한다고 이해하고 있습니다. 또한, 산업별 정책 및 전략을 수립하고, 사업 운영 및 인재 양성 등 다양한 사업화 기반을 마련함으로써 보건산업 전반의 경쟁력 제고에 기여하는 직무라고 생각합니다. 이러한 역할을 수행하기 위해서는 수요기관의 입장과 제품 개발 과정에서의 주요 허들을 실무적인 관점에서 이해하고 있어야 합니다. 이를 통해 수요자 상황과 니즈를 고려한 맞춤형 지원 프로그램을 기획할 수 있으며, 사업 관리 과정에서 수요자가 겪는 어려움을 파악해 보다 효과적인 지원책을 도출하고 사업 실효성 확대에 기여할 수 있다고 생각합니다. 저는 제약·바이오 벤처기업에서 백신 신약 개발과 대관 업무를 중점적으로 수행하며 제약 산업의 실무 전반을 경험했습니다. 이를 통해 다음 두 가지 역량을 갖추게 되었습니다. 첫째, 신약개발 전주기에 대한 이해, 둘째, 관련 산업의 생태와 규제 요인에 대한 이해입니다. 우선 신약개발의 전 과정을 이해하고 있습니다. 교모세포종 항암 백신과 대상포진 예방 백신 개발 프로젝트에 참여하여 CRO 계약을 주도했고, 임상 준비 단계까지의 과학적·규제적 요구사항에 대응하는 실무 경험을 쌓았습니다. 특히 ‘의약품 인허가를 위한 비임상-임상 연계’ 교육을 통해 배운 내용을 실무에 직접 적용하여 분석법 밸리데이션, 독성시험, 약물동태시험 등 주요 비임상 항목을 명확히 제시하고, CRO에 대응하며 주요 보고서 25건을 확보하는 등 신약개발 과정에 대한 전문성을 갖췄습니다. 해당 경험을 통해 향후 보건산업의 정책 기획과 수요자 맞춤형 지원을 통해 사업 성과 확대에 기여하겠습니다. 또한, 규제 대응 역량도 갖추고 있습니다. ‘의약품 규제업무 전문가 양성과정’을 수료해 약사법, 품목허가, 시판 후 안전관리 등 제약 규제 전반에 대한 실무 지식을 갖췄습니다. 실제로 식약처 사전상담을 직접 대응하면서, IND 제출을 위한 요구 자료에 기반한 전임상 및 임상 개발 전략 수립에도 기여하였고 이를 통해 제약·바이오 산업의 생태계에 대한 이해와 규제 대응 역량을 갖췄습니다. 규제에 대한 선제적 이해는 제품 개발 성공 가능성을 높이는 중요한 요소이기 때문에 향후 사업 기획 시 수요자 지원 전반에 리스크 요인을 선제적으로 파악해 업무를 수행하겠습니다. 제가 가진 신약개발 실무 경험과 규제 대응의 중요성을 이해하는 역량은, 수요자의 기술력과 시장성, 대응해야 할 허들을 분석하고 맞춤형 사업화 전략을 지원하는 데 실질적인 강점이 될 수 있습니다. 입사 이후 수요자와 긴밀한 소통과 정책 동향 파악을 통해 보건산업의 지속 가능한 맞춤형 사업을 기획하는 데 제가 가진 전문성을 적극 활용하도록 하겠습니다. | JR4: [실행으로 입증한 실무자의 책임감] 진흥원은 공공기관으로서, 한정된 재원을 전략적으로 일부 연구기관과 기업을 지원하며, 보건산업의 효과적인 성장과 국민 건강권 향상이라는 공익적 가치를 추구합니다. 이러한 정책 자금의 수립과 집행은 수요자에 대한 깊은 이해는 물론, 원칙의 준수와 공정한 절차를 통해 이해관계자 간의 신뢰를 형성할 수 있습니다. 이러한 조직에서 가장 중요한 가치는 ‘책임감’이라고 생각합니다. ‘책임감’이란 맡은 바 업무를 통해 조직의 성장에 실질적으로 기여하는 것이라 생각합니다. 진흥원은 공익적 가치를 실현하는 기관인 만큼, 모든 구성원은 국민과 국가, 조직에 기여한다는 책임감을 바탕으로 업무에 임해야 합니다. 처음 실무에 투입되었을 때는 결과에 대한 부담감이 커 상사의 결정에 수동적으로 따르는 편이었습니다. 하지만 상사께서 부담 갖지 말고 제 생각을 이야기해도 된다고 격력해 주셨고, 책임 있는 실무자가 되기 위해 제 태도를 적극적으로 바꿔야겠다고 결심했습니다. 이후 저는 회의 전에 자료를 사전에 정리해 의견을 준비하거나 책임 있는 의견 개진을 실천하려고 노력했습니다. 실제로 제 아이디어가 반영되어 좋은 결과를 만들게 되면서 점차 자신감이 생겼고, 이후부터는 조직의 목표를 함께 짊어지는 실무자로서의 태도를 갖게 되었습니다. 이러한 변화는 타겟 질환 전환 여부를 논의하던 회의에서 실질적인 기여로 이어졌고, 저는 실무자로서 책임 있는 의견 개진이 조직 전체의 성과에 기여할 수 있음을 체감했습니다. 일례로 교모세포종 백신의 임상시험을 준비하던 중, 개발 회의에서 대표님께서 비용 절감을 위해 타겟 질환 변경을 제안하신 적이 있었습니다. 당시 연구팀은 기술적 가능성을 검토 중이었기에 저는 임상팀의 입장에서 실제로 임상 비용 절감에 기여할 수 있는지 현실성과 영향을 확인할 필요가 있다고 판단했습니다. 이에 상무님과 협의하여 임상팀 차원의 검토 자료를 준비했고, 개발팀과의 유기적 소통을 통해 임상팀의 의견을 정리한 뒤 회의에서 경쟁 현황, 질환 통계 자료, 임상 시나리오 4가지와 그에 따른 장단점 등 관련 자료를 소개하고, 예상되는 문제점을 표로 정리해 발표했습니다. 이 과정에서 연구팀이 지적한 기술적 문제점에 실질적 근거를 더하며, 최초 개발 전략의 강점과 효과에 대해 구성원들이 다시 확신을 가질 수 있도록 도왔습니다. 그 결과 회사가 겪을 수 있었던 잠재적 위험을 사전에 회피하고 개발 성과를 극대화하는 데 기여할 수 있었습니다. 공공기관의 구성원으로서 책임감은 수요 기관에 대한 적극적이고 실질적인 지원에서 발휘되어야 한다고 생각합니다. 저는 바이오 벤처에서 근무하며 정책 기관의 지원이 실무 현장에 얼마나 큰 힘이 되는지 체감해 왔습니다. 기관의 철학과 규정을 준수하는 범위 내에서, 수요 기관이 필요로 하는 지점을 정확히 파악하고, 책임을 다해 그에 맞는 최적의 도움을 제공하겠습니다. 이를 통해 국내 바이오 생태계의 성장과 국민 건강 증진을 위한 책임을 다하는 공공기관의 구성원이 되겠습니다. | JS4: [정보 격차를 좁혀 협업의 실마리를 만들다] 외부 협력 업체에 개발 의약품 소개 자료를 만드는 과정에서, 펩타이드 항암 백신의 개발 방향인 목표제품 특성(TPP)을 수립하는 데 있어 부서 간 협업의 어려움을 극복해 성과를 낸 사례가 있습니다. 당시 연구팀, 생산팀, 품질팀, 임상팀의 중심에서 데이터를 취합하고 근거 자료를 확보해야 했습니다. 하지만 저는 비임상과 임상 분야에는 익숙했으나, 제조, 품질 및 안정성 지표 설정 등의 생산과 CMC 파트는 경험이 부족해 내용을 구성하는데 한계가 있었습니다. 더군다나 기존 유사 문서나 사례도 없어, 내부 협업 없이는 완성도 있는 문서를 만들 수 없는 상황이었습니다. 이에 타 부서에 자료 확보와 관련해 협업을 요청했지만 문제가 있었습니다. 각 부서가 분업적으로 일해왔기 때문에 서로의 업무 목표와 언어가 달라 협업에 소극적이었다는 점입니다. 특히 제가 요청하는 자료가 어느 수준까지 필요한지 감이 오지 않아 협조를 미루는 분위기도 있었습니다. 이에 저는 상호 이해 부족이 협력을 어렵게 만든다는 문제의 근본 원인을 파악하고, 이 문제를 해결하기 위해 두 가지 접근을 병행했습니다. 첫째는 부서 간 정보의 비대칭을 줄여 협업 필요성과 협조 요청의 목적을 명확히 전달하는 것이었습니다. 단순히 자료를 요청하는 데 그치지 않고, 타사의 TPP의 예시를 제시하고 구체적인 수치 자료들이 중요 품질 특성과 연계되기 때문에 협력 업체의 이해 증진 과정에서 핵심적으로 작용한다는 점을 설명했습니다. 이를 통해 실무 담당자들도 해당 자료의 중요성을 충분히 인식하게 되었고, 문서의 일관된 양식과 협조 수준을 제시하자 자료들을 효율적으로 취합할 수 있었습니다. 둘째는 서면으로 소통하기에 한계가 있거나, 신속히 수행해야 하는 부분이 있을 때는 미팅을 주도적으로 제안했습니다. 팀별 담당자와 짧은 개별 미팅을 진행하여 사전 설명과 요구사항을 전달하고, 이후 전 부서를 모아 단일 TPP 프레임에 각 정보를 어떻게 통합하면 좋을지 논의했습니다. 여러 담당자가 모이는 만큼 회의가 길어지지 않도록 문제점의 공유 및 해결책의 제시를 중심 사안으로 핵심 위주의 소통이 이루어지도록 주도하였습니다. 이러한 전략을 병행함으로써 효율적으로 부서 간의 협업을 도출할 수 있었고 양질의 자료를 확보해 TPP를 기한 내 성공적으로 작성해 낼 수 있었습니다. 본 TPP 자료는 내부 의사결정과 진도 점검 시에도 폭넓게 활용되었고, 개발 방향과 목표를 구체화함으로써 사전상담 결과도 긍정적으로 도출되어 IND 제출 방향을 명확히 정립할 수 있었습니다. 이 경험을 통해 저는 부서 간 언어가 다르면, 단순한 자료 요청보다는 ‘이해 기반의 연결’이 우선이라는 점을 배웠습니다. 협업의 핵심은 결국 같은 목표를 향한 상호 기여라는 사실을 체감했고, 이후에도 제가 담당하는 모든 프로젝트에서 이 원칙을 실천해 오고 있습니다. 앞으로도 조직 내 다양한 이해관계자와 협업할 때, 정보를 중재하고 통합해 내는 실무 리더십을 발휘하겠습니다. | JT4: [강점: 다양한 정보를 수집·분석해 전략화하는 역량 - 수요자 관점에서 설계하는 정책 실행가] 저는 시장, 기술 및 규제 정보를 통합적으로 분석하고 전략화하는 역량을 갖추고 있습니다. 이러한 역량은 진흥원의 정책 기획 및 사업 수행 업무에서 더욱 발전할 수 있는 요소입니다. 진흥원의 보건산업 정책 및 지원사업은 급변하는 보건의료 환경 속에서 수요자 중심의 기획과 전략적 자원 배분이 핵심입니다. 특히 제약·바이오 산업은 높은 규제 장벽과 기술 불확실성을 동반하는 만큼, 시장 동향과 기술 실현 가능성, 인허가 제도 등의 전방위적 요소를 고려하는 능력이 필요합니다. 저는 신약개발 실무를 수행하면서 이와 같은 다요소를 분석해 전략화하는 경험을 쌓아왔고, 이를 적극 활용하여 정책 수요자들이 겪는 실무 현장을 폭넓게 이해할 수 있는 사고 역량을 갖추었습니다. 일례로, 교모세포종 항암백신에 대한 초기 임상 전략을 수립해야 했던 적이 있습니다. 임상 전략은 개발 방향을 결정하는 중요한 내용인 만큼, 성공 사례들에 대한 분석이 필요했습니다. 저는 판단의 근거가 되는 자료를 마련하고자 글로벌 항암백신 임상 79건을 16개 기준으로 분류하고, 이들의 작용 기전, 투여 방식, 병용 요법 등을 바탕으로 성공 사례의 공통 요소를 표 형태로 제시하여 보고서를 작성하였습니다. 이 자료는 사내 개발의 방향성을 결정하는 핵심 근거 자료로 활용되었고 이후 국가 연구개발 과제 선정과 IR 자료 작성에도 활용되는 성과를 거두었습니다. 진흥원 입사 후 정책 기획에 있어 수요자 관점의 정보 분석력을 바탕으로 실효성 있는 사업을 기획하는 전문가로 성장하고자 합니다. 특히, 기회가 된다면 제약바이오산업단에서 전문 인력 양성, 제약·바이오 연구 개발 역량 증대를 위한 지원 등의 업무에 참여하며, 제가 겪어온 다양한 제품군(백신, 면역증강제, 항암제, 점안제 등)에 대한 개발 전략 수립 경험을 적극 적용해 실무 기반의 기획과 현장 친화적 정책 수립에 힘쓰겠습니다. [약점: 공급자 관점의 연구개발 및 예산관리에 대한 이해] 반면 보완해야 할 약점으로는 공급자 관점에서의 국가 보건의료 연구개발 정책 수립과 예산 배분에 대한 경험입니다. 수요자 입장에서 정책의 중요성을 분명히 이해하고 있지만 보다 거시적인 관점에서 국가연구개발 전주기의 체계적 이해는 아직 보완이 필요하다고 느꼈습니다. 이후 이러한 약점을 보완하고자 국가과학기술인력개발원에서 R&D 기획, R&D 프로젝트 관리, 국가연구개발사업 성과평가 등의 교육 3건을 수료하였고, 기업의 사업화 역량 강화를 위한 ‘전담 BD 파트너 프로그램’ 정책 제안에도 참여하며 적극적으로 정책 기획자로서의 입장을 이해하고자 노력해 오고 있습니다. 현재까지 수요자 관점에서의 경험을 축적해 왔고, 스스로 공부하며 공급자의 입장을 이해해본 만큼, 진흥원에 입사한 이후로는 보건의료 R&D 정책 체계에 대한 실무 경험을 지속해서 축적하며, 중장기적으로 정책 제안이 가능한 실무자이자 실행가로 성장하겠습니다.
A5: 0005-000036 | B5: 박지은 | C5: 1지망 : 보건의료연구개발 사업관리A-정규직-전문직/연구원-오송 | D5: 05_보건의료연구개발 사업관리A-정규직-전문직/연구원-오송 | E5: 1 | F5: 2025.07.18 | G5: 제출완료 | H5: 2025.07.30 | I5: Park Ji Eun | J5: eugeneje41@gmail.com | K5: 010-8632-1961 | L5: 010-9188-8314 | M5: 해당없음 | N5: 해당없음 | O5: 비대상 | P5: - | Q5: - | R5: - | S5: - | T5: 게재 | U5: SSCI | V5: Exploring factors affecting knowledge creation in under-researched healthcare topics: a case study of women’s health research | W5: Health Research Policy and Systems, 23, 62 | X5: 주저자 | Y5: 2025.05.20 | Z5: (1/4) | AA5: BMC | AB5: 1478-4505 | AC5: 게재 | AD5: 국내SCIE | AE5: Trend of Women’s Health Research in Korea, 2012–2020: Topic and Text Network Analysis | AF5: Journal of Korean Medical Science, 38, 30, e226 | AG5: 주저자 | AH5: 2023.06.23 | AI5: (1/6) | AJ5: Korean Academy of Medical Sciences | AK5: 1011-8934 | AL5: 게재 | AM5: 국내 등재학술지 | AN5: 생활습관병 예방관리를 위한 가이드라인 개발 현황과 의사의 역할 | AO5: 대한의사협회지, 제61권, 제1호, 62-70쪽 | AP5: 주저자 | AQ5: 2018.01.17 | AR5: (1/4) | AS5: 대한의사협회 | AT5: 1975-8456 | AU5: 2년 | AV5: 계약직 | AW5: 의료정책연구원 | AX5: 2년 | AY5: 2016.08.02 | AZ5: 2018.08.02 | BA5: 의료정책연구원 | BB5: 연구원 | BC5: 국내외 보건의료정책 동향 조사, 정책 실무 협조, 연구보고서 및 논문 작성 | BD5: 박사 입학으로 인한 퇴사 | BE5: - | BF5: - | BG5: - | BH5: - | BI5: - | BJ5: - | BK5: - | BL5: - | BM5: - | BN5: - | BO5: - | BP5: - | BQ5: - | BR5: - | BS5: - | BT5: - | BU5: - | BV5: - | BW5: - | BX5: - | BY5: - | BZ5: - | CA5: - | CB5: - | CC5: - | CD5: - | CE5: - | CF5: - | CG5: - | CH5: - | CI5: - | CJ5: - | CK5: - | CL5: - | CM5: - | CN5: - | CO5: - | CP5: - | CQ5: - | CR5: - | CS5: - | CT5: - | CU5: - | CV5: - | CW5: - | CX5: - | CY5: - | CZ5: - | DA5: - | DB5: - | DC5: - | DD5: - | DE5: - | DF5: - | DG5: - | DH5: - | DI5: - | DJ5: - | DK5: - | DL5: - | DM5: - | DN5: - | DO5: - | DP5: - | DQ5: - | DR5: - | DS5: - | DT5: - | DU5: - | DV5: - | DW5: - | DX5: - | DY5: - | DZ5: - | EA5: - | EB5: - | EC5: - | ED5: - | EE5: - | EF5: - | EG5: - | EH5: - | EI5: - | EJ5: - | EK5: - | EL5: - | EM5: - | EN5: - | EO5: - | EP5: - | EQ5: - | ER5: - | ES5: - | ET5: - | EU5: - | EV5: - | EW5: - | EX5: - | EY5: - | EZ5: - | FA5: - | FB5: - | FC5: - | FD5: - | FE5: - | FF5: - | FG5: - | FH5: - | FI5: - | FJ5: - | FK5: - | FL5: - | FM5: - | FN5: - | FO5: - | FP5: - | FQ5: - | FR5: 보건의료연구개발 사업관리A - 12학점 | FS5: Survey in Science, Technology, and Public Policy | FT5: 보건의료연구개발 사업관리A | FU5: - | FV5: - | FW5: - | FX5: 과학기술과 공공정책의 교차 영역을 다루는 핵심 이론과 실제 사례를 소개하는 과목으로, 정책 형성, 제도 및 조직 분석, 과학기술의 사회적 맥락 등에 관한 질적·양적 정책 분석 방법을 학습하는 수업 | FY5: 3 | FZ5: - | GA5: - | GB5: 과학기술학 통론 | GC5: 보건의료연구개발 사업관리A | GD5: - | GE5: - | GF5: - | GG5: 과학기술이 사회에서 어떻게 생성되고 운영되는지를 구조적으로 이해하기 위한 과목으로, 과학기술 연구와 정책이 내포한 제도적·문화적 맥락, 권력관계와 정치적 의미, 그리고 사회적 가치와 윤리적 쟁점 등에 대한 학습 | GH5: 3 | GI5: - | GJ5: - | GK5: Science, Law and Regulation | GL5: 보건의료연구개발 사업관리A | GM5: - | GN5: - | GO5: - | GP5: 과학기술이 사회에서 법과 제도를 통해 어떻게 규율되고 형성되는지 구조적으로 이해하기 위한 과목으로, 과학기술 규제가 작동하는 법적·정책적 맥락, 제도 설계와 위험 관리 방식, 그리고 기술혁신이 불러오는 윤리적·사회적 쟁점에 대해 학습 | GQ5: 3 | GR5: - | GS5: - | GT5: Technology for Social Justice | GU5: 보건의료연구개발 사업관리A | GV5: - | GW5: - | GX5: - | GY5: 과학기술이 사회에서 어떻게 형성되고 작동하는지 이해하기 위한 수업으로, 과학기술의 사회적 가치에 대한 논의를 다층적으로 탐구하기 위한 과목으로, 고령화, 장애, 도시 모빌리티, 인공지능 등 구체적 사례를 통해 기술이 사회 문제 해결에 어떻게 기여하는지 분석하는 수업 | GZ5: 3 | HA5: - | HB5: - | HC5: - | HD5: - | HE5: - | HF5: - | HG5: - | HH5: - | HI5: - | HJ5: - | HK5: - | HL5: - | HM5: - | HN5: - | HO5: - | HP5: - | HQ5: - | HR5: - | HS5: - | HT5: - | HU5: - | HV5: - | HW5: - | HX5: - | HY5: - | HZ5: - | IA5: - | IB5: - | IC5: - | ID5: - | IE5: - | IF5: - | IG5: - | IH5: - | II5: - | IJ5: - | IK5: - | IL5: - | IM5: - | IN5: - | IO5: - | IP5: - | IQ5: - | IR5: - | IS5: - | IT5: - | IU5: - | IV5: - | IW5: - | IX5: - | IY5: - | IZ5: - | JA5: - | JB5: 1467 | JC5: 1438 | JD5: 1495 | JE5: 1491 | JF5: 1019 | JG5: 비해당 | JH5: 비해당 | JI5: 비해당 | JJ5: 비해당 | JK5: 비해당 | JL5: 비해당 | JM5: 비해당 | JN5: 비해당 | JO5: 비해당 | JP5: 비해당 | JQ5: 저는 보건의료 R&D 사업관리 직무가 국민의 건강과 삶의 질을 향상시키기 위한 보건의료기술을 전략적으로 발굴하고 해당 기술이 실질적으로 개발·도입되어 사회에 기여할 수 있도록 기술의 전주기를 체계적으로 관리하는 역할이라 이해하고 있습니다. 보건의료기술의 전주기를 관리하는 직무는 R&D 사업 지원을 넘어 사회적 수요에 기반한 연구기획, 정책적 타당성 평가, 연구성과의 환류와 확산까지 포괄하는 복합적 직무이자 보건산업진흥원이 지향하는 ‘바이오헬스 산업 혁신과 국민건강 증진을 선도하는 글로벌 리더' 도약의 실현을 위한 중추적인 토대라고 생각합니다. 이 직무를 수행하기 위해서는 두 가지의 균형 잡힌 전문성이 필요하다고 생각합니다. 첫째, 질병 부담이 크거나 사회가 요구하는 건강 문제를 식별할 수 있는 보건의료 전문성이 있어야 하고, 둘째, 해당 문제를 해결할 수 있는 의료기술의 특성과 R&D 제도를 이해하는 전문성이 필요하다고 생각합니다. 저는 이 두 영역의 전문성에 대한 역량을 강화하기 위해, 과학기술과 보건의료를 넘나드는 다학제적 경험을 쌓아왔습니다. 초기에는 생명과학 기반의 연구를 통해 의료기술 개발의 근간이 되는 과학적 원리와 의료기술 적용의 흐름을 이해하였고, 이후 진단기술의 개발 및 적용 가능성에 대한 연구를 수행하며 기술적 한계와 상용화 가능성을 다각도에서 분석해본 경험이 있습니다. 이 과정에서 의료기술 연구가 실질적인 사회적 가치를 창출하기 위해 어떤 제도와 정책적 기반이 필요한지에 대해 고민하게 되었고, 이후 과학기술 R&D와 보건의료제도의 통합적 연계 구조에 주목하며 분석 역량을 확장해왔습니다. 이외에도 신의료기술평가제도에서 건강보험 적용까지 이어지는 정책 구조를 분석하며, 의료기술의 효과성 및 안전성 뿐만 아니라 정책적 우선순위와 사회적 수용성까지 고려하는 통합적 평가체계의 필요성을 느꼈습니다. 저는 이러한 문제의식과 경험을 바탕으로 보건의료기술의 기획부터 도입까지 기술의 전주기를 다루는 다양한 연구과제에 참여했습니다. 대표적으로 코로나19 대응 기술의 기획 방향과 R&D 자원 배분 전략을 분석했고, 질병관리청의 여성건강 R&D 중장기 전략 수립에 참여하여 문제해결형 연구 기획의 전 과정을 수행했습니다. 또한, 아시아인프라투자은행(AIIB)의 디지털헬스케어 투자 전략을 수립하는 연구과제와 KOICA에서 발주한 PDP 기반 백신 및 치료제 도입을 다룬 과제에서는 기술성과, 투자 안정성, 제도적 수용성 등 여러 요인들 간의 균형을 고려해 실행력 있는 전략안을 도출했습니다. 이 과정에서 다양한 이해관계자의 입장을 구조화하고 정책과 제도, 산업 및 기술 간 조정 구조를 설계하는 역량을 기를 수 있었습니다. 저는 이러한 역량을 바탕으로 한국보건산업진흥원이 수행하는 R&D기획과, 성과관리, 글로벌 연계사업에서 중추적 역할을 수행하고 싶습니다. 그중에서도 R&D기획과 기술 활용이 단절되지 않고, 국민 건강 증진과 과학기술 혁신이 조화롭게 실현될 수 있도록 기여하고 싶습니다. | JR5: 제가 이해하는 한국보건산업진흥원의 역할은 국내 산학연병의 보건의료 R&D를 지원함으로써 보건의료기술의 혁신을 추동하고 이를 통해 국민이 개발된 기술의 혜택을 누려 건강 수준과 삶의 질을 향상시키는 것입니다. 그리고 동시에 국내 보건의료산업이 바이오헬스 글로벌 시장에서 혁신을 선도할 수 있도록 산업 기반을 조성하는 역할도 함께 수행하고 있다고 생각합니다. 조직의 가치 측면에서 한국보건산업진흥원은 기업의 기술 개발 지원을 넘어, 지속가능하고 조화로운 보건의료R&D 생태계를 구축하는 것을 핵심으로 삼고 있다고 이해하고 있습니다. 저는 산학연병을 아우르는 복잡한 보건의료R&D 환경에서 각 주체 간의 협력과 균형이 이루어질 때 비로소 진정한 기술혁신이 가능하고 한국보건산업진흥원은 조직 간의 유기적인 연계를 설계하고 조정하는 핵심적인 역할을 수행한다고 생각합니다. 저는 이러한 조직적 가치를 실현하기 위해 다음의 세 가지 직업윤리를 실천하고자 합니다. 첫째는 책임감 있는 전문성과 실행력입니다. 보건의료 R&D 사업의 기획과 관리는 실제 정책과 제도, 산업의 흐름 속에서 실현 가능한 방향을 제시하고 조율하는 능력을 요구한다고 생각합니다. 저는 과학기술과 R&D 정책에 대한 기초 역량을 갖춘 이후, 보건의료기술이 여러 제도를 거쳐 보건의료 현장으로 연결되는 과정을 폭넓게 탐색해왔습니다. 이 과정에서 기술과 제도, 산업 환경을 함께 고려해 실현 가능한 방향으로 정책 대안을 설정하고 상황에 맞는 기획 안을 신속하고 정확하게 정리하는 역량을 키웠습니다. 복잡한 이해관계나 제약 조건이 많은 환경에서 문제의 핵심을 파악하고 실용적 대안을 추구하는 저의 업무 방식은 향후 직무 수행에서도 효과적으로 작용할 수 있을 것이라 생각합니다. 그리고 저는 변화하는 환경 속에서도 유연하게 대응하고, 맡은 바 결과에 책임지는 자세로, 조직에 기여할 수 있는 실무형 인재가 되고 싶습니다. 둘째, 협조성은 산학연병 주체들이 서로 다른 문화를 기반으로 협업하고 있는 보건의료 R&D 생태계가 작동하기 위해 요구되는 필수적인 태도라고 생각합니다. 저는 과학기술개발과 보건의료 R&D 정책 기획이 교차하는 다학제적 환경을 경험해왔고, 관련 분야의 연구 수행과 연구과제 참여를 통해 임상연구를 수행하는 의료인과도 협력해왔습니다. 이러한 경험을 통해 각 조직의 운영방식과 소통 문화를 직접‧간접적으로 체득하였고, 이질적인 조직 간의 원활한 소통을 도와주는 역할을 수행할 수 있습니다. 셋째, 책무성은 직군을 불문하고 조직의 구성원으로서 반드시 갖춰야 할 태도라고 생각합니다. 저는 주어진 업무를 성실하게 수행해왔고, 새로운 주제를 접했을 때에는 해당 분야의 전문성을 갖추기 위해 진취적인 태도로 업무에 임해왔습니다. 이러한 자세를 바탕으로 앞으로 새로운 과제나 업무를 맡더라도 신속하고 정확하게 적응해 나가며, 조직이 요구하는 수준 이상의 성과를 낼 수 있도록 책임감을 갖고 노력할 계획입니다. | JS5: 기술과 산업, 정책과 제도 간의 관점 차이로 인해 보건의료 R&D 사업을 기획하거나 전략화하는 과정에서 갈등은 자주 발생합니다. 특히 참여하는 이해관계자가 많을수록 각자의 우선순위와 목표가 엇갈리기 때문에, 보건의료 R&D나 산업 육성을 둘러싼 초기 논의가 교착 상태에 빠지는 경우도 많습니다. 저는 연구자로서 참여한 두 개의 국제협력 프로젝트에서 이러한 갈등을 직접 경험했고, 유사한 방식을 통해 문제를 해결한 경험이 있습니다. 첫 번째 과제는 아시아인프라투자은행(AIIB)이 발주한 디지털 헬스케어 투자 전략 과제였습니다. 이 과제에서는 디지털헬스케어기업과 국제금융기구라는 양측의 시각 차이가 갈등의 중심에 있었습니다. 기업의 입장에서는 사업의 수익성과 시장 확장의 가능성에 중요한 가치를 두었고, AIIB는 투자 안정성, 규제 리스크, 실행 가능성을 핵심 고려사항으로 설정했습니다. 양측은 우선운위 뿐만 아니라 의료기기나 산업을 접근하는 방식, 혹은 투자에 대한 성과를 창출할 수 있는 시간에 대한 감각도 달랐기에, 과제 초반에는 분석 방향을 설정하기 어려울 정도로 난관을 겪었습니다. 저는 이 문제를 해결하기 위해 각 입장의 시간축·리스크 요인을 분해하여 구조화했고, 단계별 투자경로를 제안하는 방식으로 문제를 접근했습니다. 또한 국내 기업을 중심으로 투자 국가의 규제 제도와 시장 진입 사례를 고려하여 전략 안을 설계함으로써, 산업 육성의 관점과 국제금융기구의 투자 안정성 기준을 동시에 만족시킬 수 있었습니다. 해당 전략안은 이후 AIIB 내부 투자 검토 안에 반영되었고, 관계자로부터 전략의 설득력이 높아졌다는 긍정적인 피드백을 받았습니다. 비슷한 갈등 구조는 KOICA가 발주한 PDP 방식으로 개발된 감염병 백신과 치료제 수급에 관한 과제에서도 반복되었습니다. 이 연구과제에서 저는 중저소득국가의 감염병 백신 및 치료제 수급 문제를 해결하기 위해 제약사, 국제기구, 국가 내 조달기구 등 다양한 이해당사자를 대상으로 면담을 수행했습니다. 하지만 각 주체별로 운영 논리와 전략 목표가 달라 초기 논의부터 의견 충돌이 발생했고 논의가 진전되는데 어려움을 겪었습니다. 저는 각 이해당사자의 우선순위와 요구사항을 체계적으로 정리했고, 반복되는 쟁점과 현실적인 대안들을 도출하는 데 집중했습니다. 논의의 흐름이 정리되면서 연구진 내부의 방향성도 명확해졌고, 최종보고서에 다양한 제약 조건을 고려한 전략 안이 담길 수 있었습니다. 두 과제를 관통한 갈등의 본질은 서로 다른 논리 구조와 우선순위 간의 충돌이라고 생각합니다. 저는 두 과제에서 각 주체의 입장을 체계적으로 정리하고, 갈등이 되었던 쟁점을 현실에서 실행 가능한 대안으로 전환시켜 문제를 해결했습니다. 그리고 이러한 경험은 복잡한 이해관계가 얽힌 보건의료 R&D 환경에서 기획력과 조정 역량을 발휘하는 실무형 인재로 성장하는 데 중요한 밑거름이 되었다고 생각합니다. 향후 보건산업진흥원에서 근무할 기회가 주어진다면, 이러한 역량을 바탕으로 갈등을 해결하고 실질적인 대안 마련하는데 기여하고 싶습니다. | JT5: 저는 기초과학과 기술혁신 분야의 연구 기반을 다지며 과학기술 R&D 체계에 대한 실무적 감각을 익혔고, 이후 보건의료 R&D 기획을 다룬 다양한 연구과제 경험을 통해 관련 정책적 감각을 함께 확장해왔습니다. 그리고 저는 과학기술-보건학의 경계를 넘나드는 경험이 한국보건산업진흥원이 추진하는 보건의료 R&D 사업의 기획과 관리 업무에 실질적으로 기여할 수 있는 기반이 될 것이라고 생각합니다. 우선 저는 과학기술 R&D 정책과 기술혁신에 대한 폭넓은 이해를 강점으로 가지고 있습니다. 알츠하이머 진단기술 개발을 다룬 연구를 수행하며, 연구개발과제 수행부터 개발된 의료기술의 시장 진입가능성의 평가에 이르기까지, 기술의 전주기를 파악할 수 있는 경험을 통해 보건의료기술 혁신의 실현가능성과 제약 요인을 다각도로 파악할 수 있었습니다. 이후 코로나19 대응 기술, 디지털헬스케어, 감염병 백신과 치료제, 여성건강 등 국내외 다양한 연구과제에 참여하며 보건의료 R&D 정책기획, 기술개발 및 사업화 가능성, 제도적 연계 등 요인을 복합적으로 사고할 수 있는 역량을 키워왔습니다. 이러한 경험은 제게 보건의료기술의 혁신과 산업화 가능성을 동시에 고려할 수 있는 시야를 제공해주었고, 이는 보건산업진흥원의 사업기획 및 과제평가 업무에서 실질적인 자산이 될 수 있을 것으로 기대합니다. 둘째, 다양한 이해관계자가 참여하는 과제를 통해 의견 차이를 좁히고, 실행 가능한 대안을 도출할 수 있는 기획 역량을 발전시켜 왔습니다. 일례로 아시아인프라투자은행(AIIB)의 디지털헬스케어 투자 전략 과제에서는 기업이 수익성과 기술 확장성을 중시한 반면, 국제금융기구는 투자 안정성과 규제 리스크를 우선적으로 고려했습니다. 이러한 견해 차이는 초기 분석 방향 설정에 어려움을 주었는데, 저는 양측의 시간축과 리스크 요인을 구조적으로 정리한 후, 단계별 전략을 설계하여 양측 모두가 수용할 수 있는 대안을 도출하였습니다. 마지막으로, 저는 실무에서 신속한 실행력과 문제 해결능력을 중요한 역량으로 여기고 있습니다. 다양한 관점에서 문제를 검토하되, 실행으로 옮길 수 있는 대안을 빠르게 정리하고 제안하는 역량이야말로 사업기획 실무에 반드시 요구되는 자질이라고 생각하기 때문입니다. 그동안 저는 여러 연구과제를 수행해오며, 정해진 일정을 지키면서도 결과물의 질을 충족시키기 위해 주도적이고 능동적인 자세로 업무에 임해왔습니다. 이러한 역량은 실무에서도 체계적이면서도 신속하게 기획안을 수립하고 성과를 도출하는 데 기여할 수 있을 것이라고 생각합니다. 다만 제가 생각하는 저의 보완점은 역할 분담이 불분명한 공동 업무를 수행할 시, 업무의 공백을 줄이기 위해 과업을 주도적으로 떠맡는 경향이 있다는 점입니다. 책임감 있게 업무를 수행해나가려는 의도였지만, 경우에 따라 협업의 균형을 해칠 수도 있다는 점을 인식하게 되었습니다. 이에 최근에는 협업 초기 단계에서 구성원 간 역할과 책임을 명확히 조율하고, 팀원 간 진행 상황을 상시 공유함으로써 효율적인 협업을 실천하기 위해 노력하고 있습니다.
A6: 0005-000057 | B6: 윤두경 | C6: 1지망 : 국제의료사업지원-정규직(전임)-전문직/연구원-오송 | D6: 04_국제의료사업지원-정규직(전임)-전문직/연구원-오송 | E6: 1 | F6: 2025.07.18 | G6: 제출완료 | H6: 2025.07.24 | I6: Yoon Dookyoung | J6: cowydgy@naver.com | K6: 010-9780-5025 | L6: 010-6575-5025 | M6: 해당없음 | N6: 해당없음 | O6: 군필 | P6: 2010.04 | Q6: 2012.02 | R6: 만기제대 | S6: 병장 | T6: - | U6: - | V6: - | W6: - | X6: - | Y6: - | Z6: - | AA6: - | AB6: - | AC6: - | AD6: - | AE6: - | AF6: - | AG6: - | AH6: - | AI6: - | AJ6: - | AK6: - | AL6: - | AM6: - | AN6: - | AO6: - | AP6: - | AQ6: - | AR6: - | AS6: - | AT6: - | AU6: 6년7개월 | AV6: 정규직 | AW6: 대전광역시 공공보건의료지원단 | AX6: 3년8개월 | AY6: 2021.12.01 | AZ6: 재직중 | BA6: 의료정책연구팀 | BB6: 연구원 | BC6: 공공병원/보건소 대상 법정계획 수립에 관한 기술지원, 시민대상 타운홀 미팅, 홍보(카드뉴스 제작 및 서포터즈 운영) | BD6: 재직중 | BE6: 정규직 | BF6: 전국지속가능발전협의회 | BG6: 2년11개월 | BH6: 2019.01.01 | BI6: 2021.11.30 | BJ6: 사무총국 | BK6: 간사 | BL6: 대한민국 지속가능발전대회 기획 및 운영, 지속가능발전대상 공모전 운영, 대한민국 솔라리그 운영, 각종 위원회 대응, 지속가능발전 법 이슈 대응 등 | BM6: 개인사유 | BN6: - | BO6: - | BP6: - | BQ6: - | BR6: - | BS6: - | BT6: - | BU6: - | BV6: - | BW6: - | BX6: - | BY6: - | BZ6: - | CA6: - | CB6: - | CC6: - | CD6: - | CE6: - | CF6: - | CG6: - | CH6: - | CI6: - | CJ6: - | CK6: - | CL6: - | CM6: - | CN6: - | CO6: - | CP6: - | CQ6: - | CR6: - | CS6: - | CT6: - | CU6: - | CV6: - | CW6: - | CX6: - | CY6: - | CZ6: - | DA6: - | DB6: - | DC6: - | DD6: - | DE6: - | DF6: - | DG6: - | DH6: - | DI6: - | DJ6: - | DK6: - | DL6: - | DM6: - | DN6: - | DO6: - | DP6: - | DQ6: - | DR6: - | DS6: - | DT6: - | DU6: - | DV6: - | DW6: - | DX6: - | DY6: OPIc(영어) | DZ6: Intermediate Mid 3 | EA6: 2025.04.05 | EB6: 2H4899100502 | EC6: - | ED6: - | EE6: - | EF6: - | EG6: - | EH6: - | EI6: - | EJ6: - | EK6: - | EL6: - | EM6: - | EN6: - | EO6: - | EP6: - | EQ6: - | ER6: - | ES6: - | ET6: - | EU6: - | EV6: - | EW6: - | EX6: - | EY6: - | EZ6: - | FA6: - | FB6: - | FC6: - | FD6: - | FE6: - | FF6: - | FG6: - | FH6: - | FI6: - | FJ6: - | FK6: - | FL6: - | FM6: - | FN6: - | FO6: - | FP6: - | FQ6: - | FR6: 국제의료사업지원 - 7학점 | FS6: 공공마케팅 | FT6: 국제의료사업지원 | FU6: - | FV6: - | FW6: - | FX6: 정책 대상지 수요 파악 및 정책수립에 맞는 결과물 도출, 마케팅 관리 기본 프로세스 이해 등 | FY6: 1 | FZ6: - | GA6: - | GB6: 데이터 문해력 | GC6: 국제의료사업지원 | GD6: - | GE6: - | GF6: - | GG6: 각종 데이터 해석 및 분석, 통계적 사고를 통한 사실 확인 및 분석 | GH6: 1 | GI6: - | GJ6: - | GK6: 협상역량강화 | GL6: 국제의료사업지원 | GM6: - | GN6: - | GO6: - | GP6: 양자간 단일 의제 협상, 다자간 복수의제 협상 등 모의 협상 상황을 통한 갈등 상황 조정 | GQ6: 1 | GR6: - | GS6: - | GT6: Strategic Management | GU6: 국제의료사업지원 | GV6: - | GW6: - | GX6: - | GY6: 사업 또는 기관 분석을 위한 프레임워크 학습, 학습한 프레임워크를 통한 실제 기관 분석 등 | GZ6: 3 | HA6: - | HB6: - | HC6: Results-based Management and International Development Cooperation | HD6: 국제의료사업지원 | HE6: - | HF6: - | HG6: - | HH6: 국제개발협력분야에 대한 성과관리 정책 이론 및 실무기술 학습, 비용편익 분석과 비용효과성 분석, 성과평가 방법론, 기존의 성과평가보고서 비판 검토 | HI6: 1 | HJ6: - | HK6: - | HL6: - | HM6: - | HN6: - | HO6: - | HP6: - | HQ6: - | HR6: - | HS6: - | HT6: - | HU6: - | HV6: - | HW6: - | HX6: - | HY6: - | HZ6: - | IA6: - | IB6: - | IC6: - | ID6: - | IE6: - | IF6: - | IG6: - | IH6: - | II6: - | IJ6: - | IK6: - | IL6: - | IM6: - | IN6: - | IO6: - | IP6: - | IQ6: - | IR6: - | IS6: - | IT6: - | IU6: - | IV6: - | IW6: - | IX6: - | IY6: - | IZ6: - | JA6: - | JB6: 1498 | JC6: 1217 | JD6: 1094 | JE6: 1077 | JF6: 0124 | JG6: 비해당 | JH6: 비해당 | JI6: 비해당 | JJ6: 비해당 | JK6: 비해당 | JL6: 해당(대전) | JM6: 해당(대전) | JN6: 비해당 | JO6: 비해당 | JP6: 비해당 | JQ6: [데이터로 길을 찾고, 소통으로 성공할 글로벌 헬스케어 담당자] 한국보건산업진흥원의 국제의료사업은 단순한 행정지원을 넘어 대한민국의 미래 성장 동력인 보건사업의 해외진출을 돕기위한 핵심 직무라고 이해하고 있습니다. 특히 「제2차 의료 해외진출 및 외국인환자 유치 지원 종합계획」의 지향점인 양적 성장을 넘어 질적성장으로의 전환의 시기에서 중증·복합성 질환 유치를 확대하고 디지털 헬스케어와 같은 고부가가치 산업과의 융합을 통해 해외진출을 선도해야하는 전략적 과업을 가지고 있다고 생각합니다. 국제의료사업지원 직무는 두 가지 핵심역량을 요구한다고 생각합니다. 첫 번째로 “데이터기반의 정책/사업 기획 역량”입니다. 국제의료 시장의 방대한 데이터를 분석하고 변화의 흐름을 파악한 후, 국가 정책과 연계된 실효성있는 사업을 기획하는 능력입니다. 두 번째로 “글로벌 협업을 이끄는 사업관리 및 실행 역량”입니다. 다양한 이해관계자들과 신뢰를 구축하고 G2G 협력과 같은 대형 프로젝트를 성공적으로 완수할 수 있어야 합니다. 현재 재직중인 공공보건의료지원단에서는 공공병원읜 “공공보건의료계획 시행결과” 기술지원을 담당했습니다. 이 법정결과는 등급으로 공개되어 병원 담당자들에게는 예민한 내용부분이였으나 기존의 기술지원 방식이 피드백을 별도양식으로 제공하여 담당자들이 내용을 이해하는데 어려움을 겪었고 이는 잦은 유선문의와 수정 시간 지연으로 이어져 불필요한 행정력 낭비를 유발했습니다. 저는 점수 향상을 넘어, 기술지원을 신뢰 기반의 협력과정으로 전환하는 것을 목표로 삼고 진정한 파트너가 되고자 두 가지 혁신을 주도했습니다. 첫 번째, 찾아가는 피드백 별도양식의 기술지원을 넘어 각 병원의 시행결과 초안 파일에 메모와 추가의견을 달아 수정방향을 제시하고, 담당자가 직관적으로 내용을 파악하고 개선할수 있게했습니다. 두 번째, 선제적 대응 병원들이 가장 어려워 하는 사업의 근거 제시 문제를 해결하기 위해 각 병원의 사업과 관련된 상위 법정계획과 최신 통계데이터를 파악하고 기술지원시 00번 사업의 경우 00법정계획의 0번 전략과 일치함으로 해당 자료를 사용하여 근거를 강화하시죠. 와 같은 구체적인 가이드를 제공하였습니다. 한해의 결과로 병원들의 결과가 극적으로 상향되진 않았지만. 저는 두가지의 정성적 성과를 얻어내었습니다. 1. 측정가능한 업무효율 담당자로부터 몇 달씩 걸리던 시행결과 작성이 덕분에 더 빠르게 잘 끝날 수 있었다라는 감사인사를 받았고 기술지원이 실제 공공병원담당자의 업무부담 감소로 이어지게 하였습니다. 2. 지속가능한 신뢰관계 구축 올해의 마지막 기술지원에서 한 병원의 담당자께서는 ‘선생님 덕분에 시행결과를 작성하면서 혼자 쓰는 것이 아닌 함께하는 느낌을 받았습니다’라는 말을 들을수 있었습니다. 방어적이던 관계에서 신뢰와 협력의 관계로 전환된것입니다. 이 과정을 통해 신뢰에 기반한 과정의 혁신이 파트너의 성공을 이끌어내는 원동력임을 배웠고, 진흥원의 다양한 파트너들과 협력하고 효율적인 프로세스를 설계하여 상생의 생태계를 만들고 싶습니다. | JR6: [혁신을 위한 배움, 신뢰를 위한 소통] 제가 이해하는 한국보건산업진흥원은 대한민국 보건산업의 미래를 열어가는 '코칭플레이어'입니다. 이 역할을 성공적으로 수행하기 위해선, 현실에 안주하지 않고 더 나은 방식을 찾아내는 ‘혁신을 위한 배움’과, 다양한 참여자의 목소리를 동등하게 존중하는 ‘신뢰 기반의 소통과 협력’ 이라는 두 가지 가치가 무엇보다 중요하다고 생각합니다. 저는 이러한 가치를 다음과 같은 경험을 통해 실천해왔습니다. 첫째, ‘혁신을 위한 배움’을 실천하여 결과물의 가치를 높였습니다. ‘대전 시민 원탁회의’ 운영을 맡았을 때, 타운홀 미팅이 일회성 행사로 끝나는 한계를 넘고 싶었습니다. 단순한 의견 수렴을 넘어, 지자체가 실제 사업에 반영할 수 있는 '정책 제안서' 수준의 결과물을 만드는 것이 목표였습니다. 이를 위해, 당시 대학원에서 학습하던 정책 성과평가 이론을 실무에 적용했습니다. 시민들의 제안이 어떤 정책 목표와 연결되고, 어떤 기대효과를 낳을 수 있는지 분석하는 새로운 보고서 양식을 직접 설계하여 원탁회의 결과 보고서에 첨부했습니다. 그 결과, 단순 행사였던 원탁회의를 '정책화가 가능한 제안'을 생산하는 구조로 발전시켰다는 점에서 담당 공무원에게 높은 평가를 받았습니다. 이는 현실의 문제를 해결하기 위해 끊임없이 배우고, 배운 것을 적용해 더 나은 방식을 만들어내는 저의 강점을 보여주는 경험입니다. 둘째, ‘신뢰 기반의 소통’으로 모두의 참여를 이끌어냈습니다. 원탁회의의 주제인 보건의료 정책은 공급자 중심으로 논의되어 시민들이 의견을 내기 어려운 대표적인 분야입니다. 저는 이 정보 비대칭을 해소하고, 시민들이 논의의 동등한 주체로 참여할 수 있는 신뢰의 장을 만드는 것을 중요하게 생각했습니다. 이를 위해, 어려운 전문 용어를 쉬운 말로 풀어쓴 사전 교육자료를 배포하고, 행사 당일에도 눈높이에 맞춘 교육 세션을 진행했습니다. 이러한 노력 덕분에, 시민들은 수동적인 수혜자가 아닌 논의의 적극적인 주체로 참여할 수 있었고, 이전보다 훨씬 구체적이고 현실적인 아이디어를 제시했습니다. 이는 모든 참여자를 존중하고 투명한 소통으로 신뢰를 얻을 때, 가장 큰 협력의 시너지가 나온다는 것을 깨닫게 한 경험이었습니다. 배움을 통해 더 나은 결과물을 만들고, 소통을 통해 파트너의 참여를 이끌어내는 저의 역량은, 국내외 다양한 이해관계자들과 협력하여 K-헬스케어의 미래를 열어야 하는 진흥원에서 핵심적인 역할을 수행할 것이라 확신합니다. | JS6: [문제해결의 퍼실리테이터] 2019년, 환경부와 지방정부, 시민사회가 함께하는 “대한민국 지속가능발전대회”의 운영 간사 역할을 맡았을 때, 10여개의 기관이 각자의 세션 운영을 위해 특정 시간과 장소를 선점하려는 문제에 직면하였습니다. 한정된 시간과 접근성이 좋은 장소에 대한 경쟁이 심화되면서 모두의 지속가능발전이라는 행사의 취지가 퇴색되고 참여기관들의 만족도가 떨어질것으로 예상되는 상황이였습니다. 저는 목표는 단순한 시간표와 장소배정을 넘어 모든 참여기관이 최대한 만족하고 납득할수 있는 합리적 해결책을 도출하고 싶었고 이를 통해 행사의 질을 높이고 지속적인 협력의 기반을 다지고 싶었습니다. 저는 문제의 본질이 정보의 비대칭성에서 있다고 진단하여 문제해결을 위해 세단계를 거쳤습니다. 1. 투명한 정보시스템 구축, 모든 기관의 요구사항(시간, 장소, 필요기자재)를 모두가 볼수 있는 구글시트를 제작하여 링크를 공유하고 ‘공동의 문제’로 인식시켰습니다. 2. 합리적인 우선순위 구축. 내 조건의 만족이 다른 기관의 세션운영에 제한을 줄수 있다는 상황을 인지시킨후 각 기관에 반드시 충족되어야할 1순위·2순위 조건을 시트에 직접 표시하여 나만의 최선이 아닌 모두가 상생할수 있는 타협가능한 최선을 고민하게 했습니다. 3. 의사결정 과정. 취합된 우선순위를 바탕으로 중복되는 기관의 담당자들을 대상으로 온라인 회의를 주재하여 각 기관의 우선순위를 보고 의견을 조율하였고 같이 데이터에 기반한 논의를 이끌었습니다. 일방적 통보가 아닌 객관적인 정보를 바탕으로한 설득을 통해 모두가 수긍하는 결론을 이끌어낼수 있었습니다. 그 결과, 총 10개의 세션이 성공적으로 마칠 수 있었고, 행사 종료후 설문조사에서도 기관만족도 4.3점/5점, 참가자 만족도 4.5점/5점이라는 정량적 성과를 달성할수 있었습니다. 이 과정에서 쌓인 신뢰를 통해 2021년 하이브리드로 진행된 대한민국 지속가능발전대회에도 유관기관들이 적극적으로 참여하는 장기적 협력관계를 구축할 수 있었습니다. 이 경험에서 저는 문제해결을 위해 퍼실리테이로써 갈등 상황(문제)에서 정답을 제시하는것도 좋지만 모두가 신뢰할 수 있는 절차를 만들고 참여자들이 스스로 해답을 찾게 할 수 있었습니다. | JT6: [다양한 이해관계자와의 협업 및 조정능력] 저는 서로 다른 입장과 목표를 가진 주체를 사이에서 공동의 목표를 설정하고, 원활환 소통과 협상을 통해 최적의 결과물을 도출하는 데 강점이 있습니다. 이는 과거 여러 기관과 이해관계자들의 요구사항을 성공적으로 조율하고 프로젝트를 완수한 경험에서 생겨났습니다. 이 강점은 “국제 의료사업 지원” 직무에서 크게 발휘될 거로 생각합니다. 진흥원은 보건복지부의 전략적 파트너이고 실행 기구입니다. 국가의 정책을 현장에서 사업으로 전환하는 데 중요한 역할을 맡고 있고 이 과정은 이해관계자(중앙부처, 연구계, 산업계 등)와의 협상 및 커뮤니케이션 기술을 필수적으로 요구한다고 믿고 있습니다. 특히 2차 의료 해외 진출 및 외국인 환자 유치지원 종합계획에 따른 산업 융합형 신시장 창출 전략은 의료분야 하나를 넘어 의료-관광-제약-의료기기 등 연관 산업의 동반 진출을 지원하고 있기에 다양한 주체들과의 의견조율이 필요하다고 생각합니다. 진흥원이 구성원들과의 정보·업무·책임·의사결정 등을 적극적으로 수렴하고 공유하는 태도를 강조하는 조직문화 또한 저의 강점이 발휘될 수 있는 환경입니다. 입사 후에는 협업과 조정 능력의 강점을 발휘하여 복합적인 국제 의료사업 프로젝트에서 모두가 만족할 수 있는 결과를 이끌어 내고, 진흥원의 리더십 강화에 기여하겠습니다. 반면 제가 보완해야 하는 약점은 “다양한 보건사업 연관 분야에 대한 실무경험 부족”입니다, 저는 주로 지속 가능한 발전·공공보건의료에 집중해서 경력을 쌓았으니 진흥원 업무는 제약·바이오·의료기기·미용·한방 등 광범위한 분야의 해외 진출을 지원하고 있기에 산업별 특성과 규제 이해가 필요합니다. 이는 다양한 이해관계자들과의 협상 시에는 지식의 범위가 부족할 수 있다는 한계가 예상됩니다. 이런 약점을 보완하기 위해 진흥원의 ‘조직문화’와 ‘업무환경’을 적극 활용하려고 합니다. 진흥원은 전문 분야별 맞춤형 교육체계를 운영하고 있어 전문 지식 습득을 위한 환경이 잘 조정되어 있고 저는 끊임없이 배우려는 자세로 계속해서 새로운 산업과 법에 대한 지식을 키워나감으로 정책을 기반으로 한 사업 개발 전문가로서의 역량을 키워나가려 합니다.
A7: 0005-000102 | B7: 오병권 | C7: 1지망 : 보건의료연구개발 사업관리A-정규직-전문직/연구원-오송 | D7: 05_보건의료연구개발 사업관리A-정규직-전문직/연구원-오송 | E7: 1 | F7: 2025.07.18 | G7: 제출완료 | H7: 2025.07.31 | I7: Oh Byeong Kwon | J7: bkoh1981@naver.com | K7: 010-4383-1981 | L7: 010-5462-1981 | M7: 해당없음 | N7: 해당없음 | O7: 군필 | P7: 2015.06 | Q7: 2017.06 | R7: 만기제대 | S7: 병장 | T7: - | U7: - | V7: - | W7: - | X7: - | Y7: - | Z7: - | AA7: - | AB7: - | AC7: - | AD7: - | AE7: - | AF7: - | AG7: - | AH7: - | AI7: - | AJ7: - | AK7: - | AL7: - | AM7: - | AN7: - | AO7: - | AP7: - | AQ7: - | AR7: - | AS7: - | AT7: - | AU7: 3년 | AV7: 계약직 | AW7: 한국교육과정평가원 | AX7: 2년 | AY7: 2023.02.01 | AZ7: 2025.01.31 | BA7: 미래학교교육연구지원부(전 교육과정지원부) | BB7: 행정조원(위촉) | BC7: 연구과제 행정 업무, 장기 프로젝트(보안) 행정 업무, 대외 요청 자료 및 각종 민원 대응, 본부(부서) 내 기타 서무 업무 등 | BD7: 계약만료 | BE7: 공공기관 청년인턴(체험형,채용형) | BF7: 한국교육과정평가원 | BG7: 3개월 | BH7: 2022.11.01 | BI7: 2023.01.31 | BJ7: 구매계약부 | BK7: 행정인턴 | BL7: 자산 구매 및 불용 업무, 단가 계약 관련 업무 보조 | BM7: 계약만료 | BN7: 정규직 | BO7: 진천신용협동조합 | BP7: 4개월 | BQ7: 2022.05.02 | BR7: 2022.09.16 | BS7: 사업부(수신계) | BT7: 수습사원 | BU7: 수신계 업무 전반(예적금, 타행송금, 공과금 납부, 지역화폐 상품권판매, 카드 발급 등) | BV7: 일신상의 사유 | BW7: 공공기관 청년인턴(체험형,채용형) | BX7: 도로교통공단 | BY7: 5개월 | BZ7: 2021.05.26 | CA7: 2021.10.25 | CB7: 안전교육부 | CC7: 인턴(체험형) | CD7: 교통안전업무 관련 업무 보조(각종 도로교통안전교육 관련 온오프라인 민원 안내, 교육비 수납 및 정산, 강의 시설 관리 등) | CE7: 계약만료 | CF7: - | CG7: - | CH7: - | CI7: - | CJ7: - | CK7: - | CL7: - | CM7: - | CN7: - | CO7: - | CP7: - | CQ7: - | CR7: - | CS7: - | CT7: - | CU7: - | CV7: - | CW7: - | CX7: - | CY7: - | CZ7: - | DA7: - | DB7: - | DC7: - | DD7: - | DE7: - | DF7: - | DG7: - | DH7: - | DI7: Toeic Speaking test | DJ7: Intermediate Mid 3 | DK7: 2025.03.01 | DL7: 100720 | DM7: - | DN7: - | DO7: - | DP7: - | DQ7: - | DR7: - | DS7: - | DT7: - | DU7: - | DV7: - | DW7: - | DX7: - | DY7: - | DZ7: - | EA7: - | EB7: - | EC7: - | ED7: - | EE7: - | EF7: - | EG7: - | EH7: - | EI7: - | EJ7: - | EK7: - | EL7: - | EM7: - | EN7: - | EO7: - | EP7: - | EQ7: - | ER7: - | ES7: - | ET7: - | EU7: - | EV7: - | EW7: - | EX7: - | EY7: - | EZ7: - | FA7: - | FB7: - | FC7: - | FD7: - | FE7: - | FF7: - | FG7: - | FH7: - | FI7: 2 | FJ7: 한국사능력검정시험(1급) | FK7: 국사편찬위원회 | FL7: 43-103689 | FM7: 2019.06.07 | FN7: 전산세무2급 | FO7: 한국세무사회 | FP7: 1208301397 | FQ7: 2019.04.25 | FR7: 보건의료연구개발 사업관리A - 15학점 | FS7: 회계원리 | FT7: 보건의료연구개발 사업관리A | FU7: - | FV7: - | FW7: - | FX7: K-IFRS를 바탕으로 한 회계의 기본 개념(자산, 부채, 자본, 수익, 비용 등 계정과목)과 목적 등 | FY7: 3 | FZ7: - | GA7: - | GB7: 재무관리 | GC7: 보건의료연구개발 사업관리A | GD7: - | GE7: - | GF7: - | GG7: 재무관리의 기본 개념(시간가치, 위험과 수익 등), 자본 예산 결정(투자안 평가와 사업 타당성 분석), 자본조달 및 비용, 재무비율 분석과 현금흐름 관리, 예산편성 등 | GH7: 3 | GI7: - | GJ7: - | GK7: 경영정보시스템 | GL7: 보건의료연구개발 사업관리A | GM7: - | GN7: - | GO7: - | GP7: 조직 내 정보 흐름의 구조와 의사결정지원 시스템, ERP, DBMS 등 행정 업무 수행 시 데이터 기반의 관리 방식과 프로세스 중심 사고 함양 | GQ7: 3 | GR7: - | GS7: - | GT7: 인적자원관리 | GU7: 보건의료연구개발 사업관리A | GV7: - | GW7: - | GX7: - | GY7: 인적자원관리의 기초, 계획(직무관리), 개발관리(교육훈련, 경력개발), 보상관리(평가,임금, 복리후생), 유지관리(노사, 근로조건) 등 | GZ7: 3 | HA7: - | HB7: - | HC7: 관리회계 | HD7: 보건의료연구개발 사업관리A | HE7: - | HF7: - | HG7: - | HH7: 내부 의사결정을 위한 회계(CVP, BEP, 예산관리, 성과 평가, 차이분석, 책임회계 등) | HI7: 3 | HJ7: - | HK7: - | HL7: 보건의료연구개발 사업관리A - 78시간 | HM7: [문서 작성 능력 UP! 패키지] : 왕초보도 쉽게 배우는 노션, 워드 자동화, 보고서 작성법 | HN7: 보건의료연구개발 사업관리A | HO7: 16 | HP7: - | HQ7: - | HR7: - | HS7: 노션 기본 사용 방법, 워드 기본 및 자동화 방법, 보고서 작성 기본 구조 강의 | HT7: 윈스펙 원격평생교육원 | HU7: [업무능력 500% 상승!] : 노션, 먼데이, Chat GPT, 직장 내 커뮤니케이션 A to Z | HV7: 보건의료연구개발 사업관리A | HW7: 18 | HX7: - | HY7: - | HZ7: - | IA7: 노션, 먼데이, chat gpt를 활용한 직장 내 업무 커뮤니케이션 | IB7: 윈스펙 원격평생교육원 | IC7: 경영의사결정을위한비즈니스회계관리 | ID7: 보건의료연구개발 사업관리A | IE7: 8 | IF7: - | IG7: - | IH7: - | II7: 회계정보의 이해와 분석 및 이를 통한 의사 결정관리 | IJ7: 윈스펙 원격평생교육원 | IK7: 성공CS전략, 내가행복해야고객이행복하다 | IL7: 보건의료연구개발 사업관리A | IM7: 17 | IN7: - | IO7: - | IP7: - | IQ7: 고객 이해, 대인관계 능력 향상법, 효과적 커뮤니케이션 방법 등 | IR7: 윈스펙 원격평생교육원 | IS7: 핵심만콕!바로쓰는총무실무 | IT7: 보건의료연구개발 사업관리A | IU7: 19 | IV7: - | IW7: - | IX7: - | IY7: 총무 실무 전반 | IZ7: 윈스펙 원격평생교육원 | JA7: 78 | JB7: 1059 | JC7: 1048 | JD7: 816 | JE7: 979 | JF7: 0208 | JG7: 비해당 | JH7: 비해당 | JI7: 비해당 | JJ7: 비해당 | JK7: 비해당 | JL7: 해당(충북) | JM7: 해당(충남) | JN7: 해당 | JO7: 해당 | JP7: 비해당 | JQ7: 보건의료연구개발 사업관리 직무는 국가 보건의료연구개발 R&D 사업과 관련하여 이를 총괄·기획·관리(지원)하는 직무라고 생각합니다. 즉 원활한 사업 수행을 위한 행정적 기반을 다지는 역할이라고 생각합니다. 이러한 직무를 수행하는데는 연구사업이 원활하게 진행될 수 있도록 관리할 수 있는 행정 역량이 필요하다고 생각하며 저는 00에서 2년간 근무하며 다양한 연구 사업 행정 업무를 통해 이러한 역량을 갖추기 위해 노력하였습니다. 각종 연구사업 업무와 보안 프로젝트 업무를 수행하며 연구비의 집행 및 정산 등 관리 업무를 중점적으로 담당하였습니다. 사업의 개시부터 종료 및 정산까지의 과정 일체를 처리하였으며 적게는 수천만 원에서부터 크게는 수십억 원에 달하는 예산을 각 연구 사업별로 스프레드시트를 활용하여 관리하였습니다. 예산을 항목/유형별로 자세히 분류하였고 수식과 함수 기능을 사용하여 예산을 관리하며 실제 금액과 예산 금액과의 오차와 같은 특이 사항이 발생하지 않도록 세심히 관리하였습니다. 선제적/정기적인 보고를 통해 연구비 사용자가 필요한 정보를 충분히 제공하여 이용에 불편함이 없도록 하였으며 연구비 사용 시의 업무 리스크가 발생하지 않도록 관리하였습니다. 그 다음으로는 보건의료산업 시장에 대한 배경지식과 구조에 대한 전반적인 이해가 무엇보다 중요하다고 생각합니다. 해당 사업이 왜 필요한지 어떤 방식으로 기획되고 성과가 환류되는지까지 파악하고 있어야 제대로 된 지원이 가능하기 때문입니다. 이를 위해 정기 발행물과 산업 관련 뉴스, 사업공고 등을 탐독하며 산업에 대한 이해와 배경지식을 쌓겠습니다. 또한 관련 법령 및 정책을 파악해 업무 수행 시의 어려움이 없도록 하겠습니다. 이처럼 예산 집행의 전 과정을 구조화하고 사용자 관점에서의 안내와 리스크 관리를 함께 수행한 경험은 보건의료연구개발 사업관리 직무에서 요구하는 실무를 수행하는데 필요한 역량과 부합한다고 생각합니다. 또한 업무를 수행할 때 필요한 관련 배경지식과 이해를 함양하여 업무 수행 시 활용하겠습니다. 실제 연구자의 성과 창출을 뒷받침하는 행정의 가치와 사업관리자의 역할을 이해하고 이를 수행해나가겠습니다. | JR7: 한국보건산업진흥원은 국내 보건산업 육성과 국제경쟁력 제고를 통해 국민 삶의 질 향상을 목표로 설립된 공공기관입니다. 초고령 사회 진입과 전세계적 감염병 팬데믹 등 다양한 보건 위기에 대응하기 위해 디지털 헬스케어, 스마트병원, 고령층 스마트케어 등 신산업을 육성하고 있으며 바이오헬스 스타트업의 성장을 지원하고 공공 R&D 투자를 확대하는 등 우리 사회의 건강한 미래를 선도하고 있습니다. 이처럼 국민 건강과 보건 산업 경쟁력을 증대시키며 사회적 책임과 소명을 다하는 가치를 가진 기관입니다. 저는 이러한 가치를 지키며 업무를 수행하기 위해 무엇보다도 중요한 직업윤리는 바로 책임감이라고 생각합니다. 한국보건산업진흥원의 업무는 국민을 대상으로 하며 특히 국민의 생명과 건강에 직결한 보건의료산업과 관련한 직무를 수행하기 때문이기 때문입니다. 책임감 없이 직무를 수행하는 것은 보건산업과 국민건강에 대한 책무를 져버리는 행위라고 생각합니다. 이와 관련된 사례로 저는 00에서 근무 당시 책임감을 발휘하여 예상치 못한 사고를 잘 수습하고 업무를 끝까지 마무리한 경험을 보유하고 있습니다. 외부 업체에서 버스를 임차한 후 연수 대상 인원을 탑승시켜 연수 장소까지 이송하는 업무를 담당하던 중 임차한 버스에 차량이 부딪쳐 예상치 못한 사고가 발생하였습니다. 저는 업무 담당자로서 사고 수습을 위해 버스에 탑승 중인 보안 용역 인력과 연락을 취해 최우선 순위로 인명피해 상황을 점검하였습니다. 확인 결과 사고의 규모가 경미하여 연수원까지의 이동이 가능한 상황이었기에 연수원으로 모두를 이동시키고 사고를 당한 교원을 대상으로 피해 상황을 다시 한번 점검하고 필요시 조치를 취할 것임을 안내하며 사고를 당한 교원들을 안심시키고 연수에만 집중할 수 있도록 하였습니다. 연수 진행 중에도 참여자들의 문의 사항에 대응하였으며 임차한 버스 업체의 담당자와 연락하여 사고 사실을 정확히 전달하고 물적 피해에 대한 보험 처리를 진행하는데 필요한 절차를 밟았으며 사고 차량을 교체해 연수 종료와 동시에 연수 대상자들을 문제없이 퇴소시킬 수 있었고 그 결과 연수를 무사히 마무리할 수 있었습니다. | JS7: 상사와의 불필요한 오해를 해소하고 업무를 마무리한 경험이 있습니다. 17개 교육청으로부터 업무 수행에 필요한 관련 자료를 수집하고 이를 활용해 교육청 별 당해년도 사업비를 산출하는 업무를 진행하였습니다. 저는 이를 수행하기 위해 각 교육청별 자료를 확보하는 단계부터 시작하였습니다. 이러한 과정 속에서 교육청 별로 자료를 공개하는 시기가 상이한 부분이 있어 단기간으로는 완료가 어려운 업무라고 파악하였고 자료를 계속 확보해 나가며 업무를 진행하고자 하였습니다. 다만 상사는 이러한 과정 속에서 제가 지시를 무시하고 고의로 업무를 지연시키는 것처럼 행동하고 있다고 오해하고 있었습니다. 이에 저는 이러한 상황을 해결하고자 단순히 제 입장을 먼저 주장하기 보다는 먼저 상사의 주장을 경청한 후 과거 업무 기록물과 진행 절차를 정리한 보고 자료를 작성하여 상사에게 제시하였습니다. 이를 통해 외부 기관과의 협조가 필요한 점과 단계적 진행의 중요성을 명확히 전달한 결과 상사도 이러한 상황을 이해하였고 제가 진행하고 있는 업무 수행 방식에 동의하였습니다. 이후 남은 업무를 정상적으로 진행하며 업무를 문제 없이 완료할 수 있었고 업무 수행 간 상호 신뢰를 쌓을 수 있었습니다. 이러한 과정 속에서 저는 단순히 억울함으로 토로하기보다는 갈등 상황의 원인을 객관적으로 분석하고 상사의 우려를 해소할 수 있도록 자료 기반의 대응 방안을 제시하는 객관적 자료를 기반으로 한 갈등 조율자 역할을 수행하였습니다. 또한 이 경험을 통해 동일 목표하에 접근 방법이 상이한 상황에서 소통하며 서로 간의 다름을 이해하고 이를 존중함으로써 조금 더 발전적인 태도를 갖출 수 있었습니다. | JT7: 업무를 수행하기 전 계획을 세운 후 이를 통해 업무를 체계적으로 수행합니다. 즉 계획성이 높고 즉흥적이고 주먹구구식 업무 수행을 최소화합니다. 비교적 간단한 업무부터 큰 규모의 업무까지 계획을 세워 체계적으로 수행하며 계획을 통해 업무를 수행함에 따라 업무 수행이 지연되지 않고 일정 관리에 용이합니다. 또한 업무 계획대로 업무를 수행함으로써 업무를 수행하며 발생할 수 있는 업무 리스크 대응에도 용이한 이점을 보유하고 있습니다. 사례로 00에서 근무하며 장기 보안 프로젝트 업무를 진행할 당시 반드시 정해진 마감 기한에 맞춰 업무를 마무리해야 할 필요가 있었기에 엑셀과 노션 등을 활용하여 일간/주간/월간 업무 스케쥴을 작성하였고 이에 따라 보안 업무를 진행해 나갔으며 마감 기한을 넘기지 않고 문제 없이 업무를 마무리할 수 있었습니다. 또한 업무를 진행하며 기록을 남기고 이를 정리하여 업무를 정형화, 표준화합니다. 이를 통해 향후 담당자가 변경되거나 부서 변경으로 인한 인수인계가 필요할 때에도 정리된 업무 자료를 통해 업무 적응에 소요되는 시간과 비용을 줄일 수 있습니다. 위와 같은 업무 수행 방식은 R&D 사업관리처럼 다양한 이해관계자와 협업하고 정해진 절차와 기한을 준수해야 하며 다양한 업무를 수행하는 조직문화와 잘 부합한다고 생각합니다. 특히 한국보건산업진흥원은 5개 본부와 각 본부 산하 많은 부서가 존재하고 업무 연관성을 고려하면 서로 간의 협업을 요구하는 부분이 있고 이를 위해서는 더욱 체계적이고 객관적인 업무 수행이 필요하다고 생각하기 때문입니다. 보완해야 할 약점은 한때 실제 업무 수행과 계획 사이에서 계획에 더 집중하는 경향을 보이기도 한 점입니다. 수행하기도 전에 실제 수행에 버거운 계획을 수립하기도 하였습니다. 이러한 시행착오를 겪은 뒤 계획은 부담 없이 수행 가능하면서도 즉각적으로 대응이 가능한 수준으로 설립하고 이를 준수하며 업무를 수행하면서 계획을 피드백 하는 방식으로 단점을 극복하고자 노력하였습니다.
A8: 0005-000115 | B8: 서승교 | C8: 1지망 : 보건산업진흥지원-정규직-전문직/연구원-오송 | D8: 03_보건산업진흥지원-정규직-전문직/연구원-오송 | E8: 1 | F8: 2025.07.18 | G8: 제출완료 | H8: 2025.07.30 | I8: Seo Seunggyo | J8: ssgcharm12@naver.com | K8: 010-6725-3772 | L8: 010-2794-3773 | M8: 해당없음 | N8: 해당없음 | O8: 군필 | P8: 2021.01 | Q8: 2022.07 | R8: 만기제대 | S8: 병장 | T8: - | U8: - | V8: - | W8: - | X8: - | Y8: - | Z8: - | AA8: - | AB8: - | AC8: - | AD8: - | AE8: - | AF8: - | AG8: - | AH8: - | AI8: - | AJ8: - | AK8: - | AL8: - | AM8: - | AN8: - | AO8: - | AP8: - | AQ8: - | AR8: - | AS8: - | AT8: - | AU8: 4개월 | AV8: 계약직 | AW8: SK바이오사이언스 | AX8: 4개월 | AY8: 2025.03.31 | AZ8: 재직중 | BA8: DP1 | BB8: 인턴 | BC8: DP1 부서의 조제 파트에서 EM sampling 업무를 수행하며 무균공정 과정에서의 오염 여부를 파악 | BD8: 재직중, 계약기간 만료시 당연 종료에 따른 퇴직 예정 | BE8: - | BF8: - | BG8: - | BH8: - | BI8: - | BJ8: - | BK8: - | BL8: - | BM8: - | BN8: - | BO8: - | BP8: - | BQ8: - | BR8: - | BS8: - | BT8: - | BU8: - | BV8: - | BW8: - | BX8: - | BY8: - | BZ8: - | CA8: - | CB8: - | CC8: - | CD8: - | CE8: - | CF8: - | CG8: - | CH8: - | CI8: - | CJ8: - | CK8: - | CL8: - | CM8: - | CN8: - | CO8: - | CP8: - | CQ8: - | CR8: - | CS8: - | CT8: - | CU8: - | CV8: - | CW8: - | CX8: - | CY8: - | CZ8: - | DA8: - | DB8: - | DC8: - | DD8: - | DE8: TOEIC | DF8: 905.0 | DG8: 2025.03.09 | DH8: 120350 | DI8: - | DJ8: - | DK8: - | DL8: - | DM8: - | DN8: - | DO8: - | DP8: - | DQ8: - | DR8: - | DS8: - | DT8: - | DU8: - | DV8: - | DW8: - | DX8: - | DY8: - | DZ8: - | EA8: - | EB8: - | EC8: - | ED8: - | EE8: - | EF8: - | EG8: - | EH8: - | EI8: - | EJ8: - | EK8: - | EL8: - | EM8: - | EN8: - | EO8: - | EP8: - | EQ8: - | ER8: - | ES8: - | ET8: - | EU8: - | EV8: - | EW8: - | EX8: - | EY8: - | EZ8: - | FA8: - | FB8: - | FC8: - | FD8: - | FE8: - | FF8: - | FG8: - | FH8: - | FI8: 1 | FJ8: 한국사능력검정시험(1급) | FK8: 국사편찬위원회 | FL8: 56-121603 | FM8: 2021.11.05 | FN8: - | FO8: - | FP8: - | FQ8: - | FR8: - | FS8: - | FT8: - | FU8: - | FV8: - | FW8: - | FX8: - | FY8: - | FZ8: - | GA8: - | GB8: - | GC8: - | GD8: - | GE8: - | GF8: - | GG8: - | GH8: - | GI8: - | GJ8: - | GK8: - | GL8: - | GM8: - | GN8: - | GO8: - | GP8: - | GQ8: - | GR8: - | GS8: - | GT8: - | GU8: - | GV8: - | GW8: - | GX8: - | GY8: - | GZ8: - | HA8: - | HB8: - | HC8: - | HD8: - | HE8: - | HF8: - | HG8: - | HH8: - | HI8: - | HJ8: - | HK8: - | HL8: - | HM8: - | HN8: - | HO8: - | HP8: - | HQ8: - | HR8: - | HS8: - | HT8: - | HU8: - | HV8: - | HW8: - | HX8: - | HY8: - | HZ8: - | IA8: - | IB8: - | IC8: - | ID8: - | IE8: - | IF8: - | IG8: - | IH8: - | II8: - | IJ8: - | IK8: - | IL8: - | IM8: - | IN8: - | IO8: - | IP8: - | IQ8: - | IR8: - | IS8: - | IT8: - | IU8: - | IV8: - | IW8: - | IX8: - | IY8: - | IZ8: - | JA8: - | JB8: 1411 | JC8: 1422 | JD8: 1237 | JE8: 1489 | JF8: 1001 | JG8: 비해당 | JH8: 비해당 | JI8: 비해당 | JJ8: 비해당 | JK8: 비해당 | JL8: 해당(경북) | JM8: 비해당 | JN8: 비해당 | JO8: 해당 | JP8: 비해당 | JQ8: 보건산업진흥지원 직무는 보건산업에 필요한 기술사업 활성화를 전방위적으로 지원하는 직무라고 생각합니다. 그리고 해당 업무를 수행하기 위해서는 주요 보건산업에서 활용되는 기술들을 이해하는 전문지식과 현업자분들과 적극 소통하는 의사소통 역량 그리고 해당 기술을 구현하고 상업화로 이어줄 수 있는 법률지식 이해 능력이 필요하다고 생각합니다. 이러한 역량을 기르기 위해 저는 백신 회사에서 인턴 경험을 쌓고 생산 공정에 대한 개별 학습을 하고 있습니다. 저는 대학교 졸업 후 SK바이오사이언스의 DP1 부서에서 조제파트의 인턴으로 출근하며 EM sampling 업무를 수행하고 있습니다. EM sampling 업무는 의약품 조제 과정에서 외부적 요인에 의해 오염이 발생하는 것을 예방하고자 의약품 자체가 아닌 그 주변부의 청정도를 측정하여 오염 가능성을 사전에 방지하는 업무입니다. 이를 위해서는 무균 환경을 유지하면서 올바르게 측정 기기를 작동시키고 실제 공정 과정에 방해되지 않도록 주의하는 태도가 필요합니다. 그래서 회사 내에서 GMP 교육을 받으며 공정 과정에서 오염 발생 가능성을 최소화하는 방법을 체득했으며 이외에도 매니저분들과 소통하며 GMP 업무 환경을 위해 어떤 설비와 유틸리티를 갖춰야 하는지를 배우고 있습니다. 덕분에 회사의 다양한 설비와 물류를 통제하는 관련 법류과 가이던스에 대해서 알게 되었습니다. 또한, 바이오의약품 생산기술에 대해서도 따로 공부하고 있는데 최근 주요 바이오 산업으로 떠오르고 있는 CDMO 사업의 핵심 전략인 대용량 스케일업 기술을 중점적으로 공부하고 있습니다. 이는 자본 집약적인 바이오산업 특성상 규모의 경제를 활용해 산업 이익 비율을 높일 수 있기 때문에 비단 CDMO 산업을 지원할 때뿐만 아니라 소규모 바이오의약품 생산 사업을 지원할 때도 유용할 것입니다. 또한, 공정 기술 중 항체의 구조를 결정짓는 PTM 발현 전략에 관해서도 공부하고 있습니다. PTM 발현 전략은 단백질의 구조적 기능을 강화할 뿐만 아니라 단백질 구조 안정성을 높여 기업체의 신약 개발 및 산업 확장으로 이어집니다. 이는 고부가가치 상품을 생산에 필수적이므로 보건산업의 경쟁력 측면에서 관련 업무를 수행하는 데 도움이 될 것입니다. 결론적으로 저는 인턴을 하면서 주요 보건산업에서 활용되는 기술들을 이해하고 회사 내에서의 GMP 교육을 통해 작업 시 유의해야 할 법률조항들을 알게 되었으며 별도의 공정 공부를 통해 실제 산업에서 활용되는 공정 전략을 이해하는 배경지식을 쌓았습니다. 이러한 역량들을 활용한다면 실제 업무에 들어가서 바이오 산업체에서 개선하고자 하는 기술들에 대한 적절한 평가 및 부족한 요소들을 쉽게 파악하고 그에 맞는 법률들을 빠르게 분석해 현실적인 지원을 할 수 있을 것으로 생각합니다. 그런 면에서 저는 보건산업진흥지원 직무 연구원으로서 필요한 역량을 갖추었다고 생각합니다. | JR8: 한국보건산업진흥원의 역할은 산업을 통해 국민 보건을 지키는 것으로 생각합니다. 국가가 직접 행위로 의료 서비스를 제공할 수도 있지만, 효율성과 장기 유지력이 저하되는 단점이 있어 간접적인 방법인 바이오 헬스 산업체들에 지속적이고 효율적인 지원으로 국민 건강 증진을 유도하는 것이 KHIDI의 방식이라고 이해했습니다. 이런 방식은 조직가치에 일자리 창출 및 미래 먹거리 확보를 더해주어 국민 보건 수호와 국가 발전 모멘텀을 함께 이뤄낼 수 있게 합니다. 그렇기에 한국보건산업진흥원에서 업무를 수행하기 위해서는 시장 경제원리 기반의 산업 환경을 고려함과 동시에 국민 보건 향상에 이바지할 수 있는 균형적인 직업윤리가 필요합니다. 그리고 제가 지원한 직무에서는 안전 규제를 이해하고 이를 기업체들이 실천할 수 있도록 함께 고민하는 것이 균형적인 직업윤리 태도라고 생각합니다. 업무 특성상 의약품 원액생산 및 완제생산 기술에 대한 높은 이해력이 필요한데, 이때 규제기관들은 엄격한 기준을 요구합니다. 환자들의 건강을 위해 의약품의 안정성이 보장되어야 하고, 이를 위한 설비는 많은 시간과 비용이 필요하기에 자본이 충분하지 않은 스타트업 산업체들이 해당 규제를 극복하기에는 큰 어려움이 있습니다. 따라서 규제를 이해함과 동시에 기업체의 상황에 따라 어떠한 자원과 지원이 필요한지를 고민하는 것이 KHIDI의 가치를 지켜내는 방향이라고 생각합니다. 그리고 저는 백신 공장에서 인턴을 하며 겪은 식약처 실사 경험을 통해 이 태도를 갖추게 되었습니다. 인턴동안 저는 조제공정 무균실의 환경점검 및 관리 업무를 수행했습니다. 이를 위해 첫 한 달 동안 SOP를 읽으며 무균실 관리 방법을 공부하고 왜 이런 절차가 있는지를 이해했습니다. 공정에 투입된 이후에는 공정하면서 발생한 폐기물들을 절차에 맞게 처리하며 청정도를 확인하고 현장을 관리했습니다. 그러다 7월 식약처 실사가 진행되면서 감시관분들이 제가 관리하는 공정실까지 현장 투어를 하셨는데 현장 상태부터 서류 기록들까지 감사관분들의 지적 없이 투어가 종료되었습니다. 나중에 사수님께서 말씀하시길 평상시에 일을 열심히 한 덕을 봤다고 수고했다고 하셨습니다. 하지만 제가 지적을 받지 않았던 이유는 회사 내의 폐기물 처리 설비와 업무 시스템이 잘 갖춰졌기 때문이라고 생각합니다. 적합한 설비와 업무 시스템은 환경 관리 업무를 수월하게 만들어줬고, 반대로 이런 인프라가 없었다면 많은 지적사항이 발생했을 것입니다. 달리 말하면 아직 설비와 시스템이 미비한 스타트업들은 규제를 지키면서 회사를 성장시키기 어렵다는 의미입니다. 그래서 이를 보완할 수 있는 적절한 지원이 필요하다는 고민을 하기 시작하였고, 이런 제가 만약 KHIDI에 입사한다면 규정에 대해 이해하는 것을 넘어 다양한 기업체의 관점에서 필요한 맞춤형 지원을 고민하여 KHIDI의 가치이자 역할인 국민보건 수호를 실현할 수 있다 생각합니다. | JS8: 작년 여름방학 때 외국 교환학생 프로그램에 참여하며 수행한 조별 과제에서 조원들끼리 갈등이 발생한 적이 있습니다. 저는 교환학생 때 빈곤과 경제를 주제로 한 수업을 수강했는데, 그 수업에서 빈곤 국가를 지정해 원인 분석 및 해결책을 발표하는 과제가 있었습니다. 아일랜드, 미국, 인도, 프랑스, 한국인으로 이뤄진 저희 조는 캄보디아를 선택했고 저는 캄보디아의 문화와 역사를 기반으로 빈곤 원인 분석 역할을 맡았습니다. 그런데 프랑스 친구는 조별 과제가 재미없다며 과제에 소극적인 태도를 보였고 인도, 미국 학생은 서로 자신의 원인 분석이 맞다고 고집을 피우다가 말싸움으로 번져 팀 화합에 문제가 생겼습니다. 저는 불편한 분위기를 풀어보려 서로에게 열심히 말을 붙여보았지만, 그마저도 5명 모두 다른 억양을 구사해 대화가 매끄럽지 않았습니다. 그래서 매번 수업이 끝날 때마다 제가 점심을 먹자고 조원들을 붙잡았고 이를 반복하자 어느새 팀원들 간의 관계가 조금씩 회복되기 시작했습니다. 그러면서 저희는 자연스레 서로의 억양에 익숙해지면서 소통도 원활해졌고 런치미팅 시간만으로 발표 준비를 할 수 있었습니다. 그렇게 발표 날이 다가왔는데, 하필 발표 당일 프랑스 친구가 무단결석을 하면서 급하게 4명이 발표 역할을 다시 정해야 했습니다. 조별 과제를 잘 끝내고 싶은 마음에 저는 먼저 나서서 프랑스 친구의 발표까지 제가 맡겠다고 하자 서로 앙숙이던 인도 친구와 미국인 친구가 프랑스 친구의 앞, 뒤 부분을 분담해 자신들이 진행하겠다고 했습니다. 덕분에 발표가 잘 끝날 수 있었고 그렇게 종강을 맞이했습니다. 나중에 두 친구가 말하길, 제가 조별 과제를 어떻게든 이끌려고 애쓰는 모습을 보며 자신들이 오히려 미안해서 나서게 되었다고 했습니다. 이때 저는 협력을 위해서는 소통을 포기하지 않는 태도가 중요하다고 느꼈습니다. 타인과 함께 무언가를 이뤄낼 때는 서로가 생각하지 못하는 배경적, 경험적 차이 탓에 갈등이 발생할 수밖에 없습니다. 그리고 그 갈등을 해결하기 위해서는 소통이 필수적이고, 그 소통에 어려움이 있더라도 어떻게든 기회를 계속해서 만들어나간다면 결국 서로의 차이를 이해하고 가까워질 수 있습니다. 나아가 이 태도는 새로운 문제가 발생하여도 타인과의 원만한 관계를 형성해 해결책을 제시할 수도 있습니다. 실제로 회사에 들어가서도 사람들과 같이 일할 때 소통이 원활하지 않은 경우가 있습니다. 그럴 때는 교환학생 때의 경험을 바탕으로 소통을 포기하지 않고 끝까지 업무를 수행하는 면모를 보여주겠습니다. | JT8: 저의 강점은 습득 속도가 남들보다 빠르며 유형을 가리지 않고 다양한 사람들과 쉽게 친해진다는 점입니다. 이 2가지는 산업 특성상 빠르게 변화하는 트렌드 및 규제에 적절한 대응을 하고 다른 유관부서와 기관 및 기업체와 소통하는 데 도움이 되어 저의 업무역량을 발전시키는 요소가 될 것으로 생각됩니다. 최근 바이오산업의 트렌드는 ADC, AVV와 같은 새로운 의약품 modality 확장, 고령인구 증가에 따른 근골격계 보조 의약품이나 미용을 위한 모발 건강 보조식품, 다이어트 산업 등으로 뻗어 나가고 있습니다. 빠르게 변화하는 산업 동향에 대응하기 위해서는 포용적인 기술 지원 정책 환경을 구축해야 합니다. 이를 위해선 기술 이해능력과 소통 기반의 적절한 지원 방향 탐색이 필요한데, 저는 재작년 겨울방학 타대 연구실 인턴십 때 저의 강점으로 이와 비슷한 문제를 해결한 경험이 있습니다. 저는 대학교 4학년 복학 전 겨울 방학 때 새로운 분야의 연구실에서 인턴을 했습니다. 3개월 남짓의 짧은 기간이었지만 1달 만에 연구 동향과 실험 방법, 매뉴얼 관련 사항들을 숙지하였고 2달 차에는 기존 연구의 미비한 부분을 찾아내어 3개월이 되던 날 아이디어를 실제로 구현하여 발표 시연을 하였습니다. 짧은 인턴 기간임에도 이렇게 빠르게 새로운 분야를 학습하고 개선책을 마련할 수 있었던 이유는 연구실 분들과 지속해서 소통하며 변화의 방향성을 고민했기 때문입니다. 저는 업무를 할 때 업무가 유기적으로 연결될 수 있도록 중요한 부분을 확인해 실수가 없도록 하고, 해결책이 확실하지 않을 때는 따로 적어두어 확인 후에 업무를 진행합니다. 덕분에 사수님들과 빠르게 가까워졌고 많은 연구 디테일을 가르쳐주셔서 기존 연구의 한계점을 발견할 수 있었습니다. 그 이후에는 사수님과 함께 개선책을 고민했는데, 제가 생각한 문제점이 기존 연구의 한계로 규정할 수 있는지, 저의 아이디어가 정말 개선책인지, 이를 구현하는데 규제 상 문제가 있는지 등을 다방면으로 따져보았습니다. 많은 시도 끝에 개선책 아이디어가 회의를 통과하였고 저는 이를 컴퓨터 프로그램 시각화 자료로 성공적으로 변환시켜 최종 발표 때 시연할 수 있었습니다. 이 경험으로 저는 새로운 환경 속에서 변화를 모색할 때 소통 기반의 적극적인 배움의 자세가 중요함을 배웠습니다. 그리고 실무에서는 이 소통 기반의 적극적인 배움의 자세가 미처 몰랐던 산업 기술의 세부적인 부분을 관계자분들을 통해 파악하게 도와주고 올바른 방향으로의 발전을 유도하기에 업무 역량을 발전시켜줄 것으로 생각합니다. 따라서 제가 실제로 입사한다면 빠른 트렌드 변화 속에서도 다양한 산업을 포용적으로 지원할 수 있는 정책환경을 구축할 수 있을 것입니다. 마지막으로 제가 보완해야 할 약점은 타인에게 쓴소리를 못 하는 점입니다. 타인이 잘못을 저질러도 꾸중을 잘하지 못하는데, 이는 공과 사를 구별해야 하는 직장인으로서 극복해야 할 요소입니다. 이를 위해 백신 공장에서 일하면서 타인의 잘못을 스스로 인지하게 하는 방식 등을 통해 고치고 있습니다.
A9: 0005-000128 | B9: 안연주 | C9: 1지망 : 보건산업진흥지원-정규직-전문직/연구원-오송 | D9: 03_보건산업진흥지원-정규직-전문직/연구원-오송 | E9: 1 | F9: 2025.07.19 | G9: 제출완료 | H9: 2025.07.30 | I9: An Yeonjoo | J9: yurnjoo@naver.com | K9: 010-6800-1641 | L9: 010-8236-6708 | M9: 해당없음 | N9: 해당없음 | O9: 비대상 | P9: - | Q9: - | R9: - | S9: - | T9: - | U9: - | V9: - | W9: - | X9: - | Y9: - | Z9: - | AA9: - | AB9: - | AC9: - | AD9: - | AE9: - | AF9: - | AG9: - | AH9: - | AI9: - | AJ9: - | AK9: - | AL9: - | AM9: - | AN9: - | AO9: - | AP9: - | AQ9: - | AR9: - | AS9: - | AT9: - | AU9: 2년3개월 | AV9: 공공기관 청년인턴(체험형,채용형) | AW9: 한국보건산업진흥원 | AX9: 1개월 | AY9: 2025.07.01 | AZ9: 재직중 | BA9: 제약바이오산업단 | BB9: 청년인턴 | BC9: 제약바이오산업기획 사업지원 | BD9: 재직중 | BE9: 정규직 | BF9: (주)종근당 | BG9: 2년1개월 | BH9: 2022.12.05 | BI9: 2025.02.03 | BJ9: 영업본부 병원사업부 | BK9: 사원 | BL9: 종합병원 유통 채널 전문의약품(ETC) 영업 | BM9: 업직종 및 직무 변경 희망에 따른 퇴사 | BN9: - | BO9: - | BP9: - | BQ9: - | BR9: - | BS9: - | BT9: - | BU9: - | BV9: - | BW9: - | BX9: - | BY9: - | BZ9: - | CA9: - | CB9: - | CC9: - | CD9: - | CE9: - | CF9: - | CG9: - | CH9: - | CI9: - | CJ9: - | CK9: - | CL9: - | CM9: - | CN9: - | CO9: - | CP9: - | CQ9: - | CR9: - | CS9: - | CT9: - | CU9: - | CV9: - | CW9: - | CX9: - | CY9: - | CZ9: - | DA9: - | DB9: - | DC9: - | DD9: - | DE9: - | DF9: - | DG9: - | DH9: - | DI9: - | DJ9: - | DK9: - | DL9: - | DM9: - | DN9: - | DO9: - | DP9: - | DQ9: - | DR9: - | DS9: - | DT9: - | DU9: - | DV9: - | DW9: - | DX9: - | DY9: - | DZ9: - | EA9: - | EB9: - | EC9: - | ED9: - | EE9: - | EF9: - | EG9: - | EH9: - | EI9: - | EJ9: - | EK9: TOEIC(2년이상 직접등록) | EL9: 880.0 | EM9: 2022.07.24 | EN9: 140886 | EO9: - | EP9: - | EQ9: - | ER9: - | ES9: - | ET9: - | EU9: - | EV9: - | EW9: - | EX9: - | EY9: - | EZ9: - | FA9: - | FB9: - | FC9: - | FD9: - | FE9: - | FF9: - | FG9: - | FH9: - | FI9: 2 | FJ9: 컴퓨터활용능력1급 | FK9: 대한상공회의소 | FL9: 25-K9-031801 | FM9: 2025.05.20 | FN9: 한국사능력검정시험(1급) | FO9: 국사편찬위원회 | FP9: 73-118418 | FQ9: 2025.02.28 | FR9: - | FS9: - | FT9: - | FU9: - | FV9: - | FW9: - | FX9: - | FY9: - | FZ9: - | GA9: - | GB9: - | GC9: - | GD9: - | GE9: - | GF9: - | GG9: - | GH9: - | GI9: - | GJ9: - | GK9: - | GL9: - | GM9: - | GN9: - | GO9: - | GP9: - | GQ9: - | GR9: - | GS9: - | GT9: - | GU9: - | GV9: - | GW9: - | GX9: - | GY9: - | GZ9: - | HA9: - | HB9: - | HC9: - | HD9: - | HE9: - | HF9: - | HG9: - | HH9: - | HI9: - | HJ9: - | HK9: - | HL9: - | HM9: - | HN9: - | HO9: - | HP9: - | HQ9: - | HR9: - | HS9: - | HT9: - | HU9: - | HV9: - | HW9: - | HX9: - | HY9: - | HZ9: - | IA9: - | IB9: - | IC9: - | ID9: - | IE9: - | IF9: - | IG9: - | IH9: - | II9: - | IJ9: - | IK9: - | IL9: - | IM9: - | IN9: - | IO9: - | IP9: - | IQ9: - | IR9: - | IS9: - | IT9: - | IU9: - | IV9: - | IW9: - | IX9: - | IY9: - | IZ9: - | JA9: - | JB9: 1231 | JC9: 1202 | JD9: 1068 | JE9: 1015 | JF9: 0629 | JG9: 비해당 | JH9: 비해당 | JI9: 비해당 | JJ9: 비해당 | JK9: 비해당 | JL9: 비해당 | JM9: 비해당 | JN9: 비해당 | JO9: 비해당 | JP9: 비해당 | JQ9: 한국보건산업진흥원 보건산업진흥지원 부문은 국가 보건산업의 글로벌 경쟁력 제고를 위해 다양한 사업을 기획 및 관리하는 직무입니다. 한국보건산업진흥원에서는 제약·바이오, 의료기기 등 여러 보건산업 분야의 진흥을 위해 다양한 사업을 수행하고 있습니다. 국내 제약·바이오 기업의 R&D 역량 향상을 위한 혁신형 제약기업 및 의료기기 인증 등 보건산업진흥에 꼭 필요하지만, 사기업 차원에서 이루어지기 어려운 여러 부분을 든든히 책임지고 있습니다. [보건산업 전반의 정보력은 필수] 신사업 발굴 및 기존 사업의 매끄러운 진행을 위해서는 보건산업 전반에 걸친 다양한 정보와 지식의 습득이 필요합니다. 제약회사에서 종합병원 담당 영업사원으로 2년간 근무했습니다. 업계 동향 파악을 위해 약업 관련 기사를 꾸준히 모니터링했고, 이를 활용해 실제 병원에서 영업 활동을 하며 보건산업 전반에 걸친 지식을 습득했습니다. 한국보건산업진흥원에서도 계속 변화하는 업계 및 산업 동향 파악은 필수적이라고 생각합니다. 제약·바이오 분야 재직자였던 경험을 살려, 최근 바이오헬스 분야의 흐름, 업계 동향 등 재직하며 체득한 지식을 최대한 활용하고자 합니다. “아는 만큼 보인다”라는 속담처럼, 가지고 있는 다양한 배경지식을 사용해 보건산업진흥 사업 기획‧관리에 빠르게 적응하고 사업에 기여하도록 하겠습니다. [효과적인 의사소통의 방법은?] 보건산업진흥 직무에서는 보건복지부 및 다양한 유관 기업들과의 의사소통이 필요합니다. 영업직으로 쌓아온 의사소통 경험으로 원활한 협업을 위해 노력하겠습니다. 제약회사 영업사원으로서 다양한 고객과 만나며 알게 된 것은, ‘다들 본인의 일로 바쁘다’라는 점이었습니다. 업무 관련 미팅을 위해 미리 담당 거래처의 고객과 일정을 잡고 방문했으나, 고객이 부재중이었던 적이 있었습니다. 추후 연락이 닿았을 때 이유를 물으니 너무 바빠서 일정을 깜빡했다는 대답이 돌아왔고, 심지어 고객은 날짜 자체를 착각하고 있었습니다. 이 경험을 바탕으로, 미리 약속을 잡았더라도 꼭 전날이나 당일에 약속을 상기시키기 위해 문자 메시지를 남기게 되었습니다. 또한, 날짜를 잡고 꼭 요일을 함께 되물어 날짜를 헷갈리지 않도록 했습니다. 이렇게 문자로 기록을 남기고 상대방의 말을 정리해 반복함으로써 상대방과의 정확한 의사소통을 위해 노력했습니다. 이렇듯 업무를 진행하다 보면 무심코 일정을 잊어버리거나, 서로 착오가 생기는 경우가 잦습니다. 정확한 의사소통을 통해 효율적으로 업무를 진행할 수 있도록 하겠습니다. | JR9: 한국보건산업진흥원의 궁극적인 목표는 국내 보건산업의 경쟁력 강화입니다. 보건산업의 경쟁력 강화를 위해서 다양한 기업이 진흥원의 사업 대상으로 선정되고 있습니다. 보건복지부와의 협업으로 국가 보건산업 정책에 직접적인 영향을 줄 수 있고, 스스로 담당하는 사업이 산업의 전문 인력 양성 및 기업의 연구개발 지원, 나아가 한 기업의 존속으로 이어질 수 있습니다. 그렇기 때문에, 사업 선정에서 이에 따른 공정성을 가지고 업무에 임해야 합니다. 정말 해당 사업이 필요한 기업이 선정되어야 하고, 향후 보건산업의 결과 자체가 달라질 중요한 결정이 될 수 있습니다. [공정의 기준이란?] 모두에게 공정하기 위해서는 무엇보다도 그에 따른 기준을 잘 파악해야 합니다. 예를 들어, 최근 바이오 벤처사들이 어려움을 겪고 있는 법차손 문제가 있습니다. 법차손이란, 최근 3개 사업연도 중 2회 이상 자기자본에 대비한 법차손 규모가 50%를 초과하면 관리종목으로 지정되는 것을 말합니다. 관리종목 지정 이후에는 상황에 따라 상장폐지로도 이어질 수 있습니다. 특히, 신약 개발은 임상시험부터 허가까지 긴 호흡으로 이어집니다. 바이오 벤처사들은 장기적으로 바라보아야 하는 산업 특성상 특별한 수익 없이 연구개발에 투자되는 기간이 길 수밖에 없습니다. 따라서 법차손 문제에 직면하기 쉽고, 법차손은 상장 폐지와 같은 기업의 운명이 달려 있습니다. 이렇듯 모두에게 같은 기준을 적용하는 것은 오히려 공정성에 문제가 생길 수 있다고 생각합니다. 산업의 특성을 고려하지 않은 기준이기 때문입니다. [보건산업의 특성을 살리기 위해서] 이를 해결하기 위해서는 각각 산업의 특이성과 동향을 잘 파악하여, 그에 맞는 정책을 기획하고 시행해야 합니다. 보건산업진흥지원 분야의 풍부한 배경 지식을 갖추기 위해 항상 업계 동향을 살피고 있으며, 꾸준히 타 산업과 보건산업의 유사점과 차이점 등 다양한 정보를 분석하고 활용해 보건산업 맞춤 사업 기획을 할 수 있도록 하겠습니다. 또한, 이와 같은 배경 지식을 가지고 확실한 기준을 세워 기준에 걸맞은 대상을 선정하겠습니다. 입사 이후에는 단순히 기사 같은 매체로 접하지 않아도, 실제 한국보건산업진흥원에서 수행하는 사업, 기업과 정부 부처 간의 간담회 등 직접적으로 여러 의견을 청취할 자리가 있을 것으로 생각합니다. 더욱 다양하고 생생한 의견을 접하며 식견을 넓혀가겠습니다. 항상 공정한 태도로 보건산업의 진흥을 위해 노력하겠습니다. | JS9: [업무상 의사소통의 부재] 제약회사 재직 시절, 사수와의 업무상 의사소통의 부재로 갈등을 겪은 경험이 있습니다. 업무의 진행 상황을 공유해 주지 않고 독단적으로 업무를 진행해, 구체적인 업무의 내용을 모르고 지나가는 일이 부지기수였습니다. ‘내가 미덥지 않은가, 나한테 일을 알려주기 싫으신 건가?’라는 생각까지 했던 저는 고민을 거듭했고, 생각은 많아져만 갔습니다. 그러던 차에, 결국 고객을 통해 사수의 업무 진행 상황을 전해 듣게 되었습니다. 이대로는 안 되겠다는 생각이 들었고, 어떻게 해결해야 할지 고민하던 저는 솔직하게 제 심정을 전달하기로 마음먹었습니다. 먼저 업무를 공유받지 못해 어떤 상황이 발생했는지, 업무 인수인계를 진행하지 않는 이유가 있으신지 미리 생각해 두었던 부분을 정리했습니다. 제가 처한 상황을 먼저 잘 설명하고, 업무 공유가 이루어지지 않아 생기는 문제점을 전달해야 설득이 가능할 것으로 생각했기 때문입니다. 그리고 사수에게 드릴 말씀이 있으니 잠시 시간을 내 달라 요청해 자리를 마련했고, 업무 전달을 못 받아서 생긴 해프닝과 솔직한 심정을 전했습니다. 그러자 사수는 예상치 못한 반응을 했습니다. 화를 낼 거라고 예상했던 것과는 달리, 저에게 사과를 한 것입니다. 의도적으로 업무 공유를 해 주지 않은 것이 아니라, 업무를 담당하게 된 지 얼마 되지 않은 제가 아직 어려워할 내용이라 생각했고 본인 선에서 마무리가 될 일이라 따로 이야기하지 않고 업무를 마친 거라고 설명했습니다. 그런 일이 있었을 줄은 몰랐고, 후배와 함께 일하는 것이 처음이라 업무 공유에 서툴렀다며 미안하다는 말을 해 주었습니다. [말하지 않으면 알 수 없다] 해당 경험을 통해, 혼자 고민하는 것보다 오히려 터놓고 이야기하는 것이 원활한 문제 해결에 도움이 될 수 있다는 사실을 깨달았습니다. 인간은 서로의 생각을 알지 못합니다. 그렇기 때문에 명확히 본인의 의사를 언어로 표현해야만 합니다. 이 기회로 상대방과 내 생각은 이렇게나 다를 수 있다는 사실을 알았고, 제 의견을 분명히 표현하는 방법을 익혔습니다. 한국보건산업진흥원에서도 명확한 의사 표명으로 원활한 의사소통을 위해 노력하겠습니다. | JT9: [한국보건산업진흥원 그 자체가 곧 나라는 생각으로] 한국보건산업진흥원에서의 저의 강점은 주인의식입니다. 한국보건산업진흥원에서는 다양한 사업들을 기획 및 수행하고 있습니다. 사업을 담당하는 그 순간부터 저는 해당 사업 관계자들에게 한국보건산업진흥원을 대표하게 됩니다. 그렇기 때문에, 제가 가진 주인의식이라는 강점이 충분히 발휘될 것으로 생각합니다. 대학 시절, 카페에서 2년간 아르바이트를 했습니다. 저는 아르바이트생이었지만 고객을 직접 마주하는 만큼 사장님과 같은 수준의 지식을 보유해야 한다고 생각했습니다. 따라서 판매하는 상품에 대한 정보, 원두의 산지나 추출 방식, 음료의 재료 등을 모두 숙지했습니다. 덕분에 정확한 정보를 빠르게 전달할 수 있었고 여기에 기반을 둔 고객 맞춤 추천으로 손님들께도 좋은 평가를 들을 수 있었습니다. 한국보건산업진흥원에서 제가 담당하는 사업은 누구보다도 저 자신이 가장 잘 이해하고 있어야 합니다. 내가 곧 한국보건산업진흥원이라는 주인의식을 가지고, 업무를 속속들이 파악하여 빠르고 정확한 처리를 위해 노력하겠습니다. [종종 책임감에 짓눌릴 때는] 그러나, 가끔 이러한 주인의식이 과한 책임감으로 이어지는 경우가 있습니다. 간단히 넘겨도 되는 일이지만, 하나하나 신경을 쓰다가 스트레스를 받을 때가 있습니다. 이럴 때는 주변 동료들과 의견을 나누어 일을 해결하곤 합니다. 어떤 업무든지 혼자 모든 것을 해결할 수는 없다는 사실을 항상 염두에 두고, 주변인들과의 의견 교환으로 짐을 덜어 두고자 합니다. 가끔은 과한 책임감을 내려놓고 가벼운 마음으로 보았을 때 해결되는 일들도 있고, 이야기를 나누다 보면 더 좋은 방안이 떠오르기도 하기 때문입니다. 또한, 복잡해진 머리를 정리하기 위해 취미인 운동을 하고는 합니다. 운동을 통해 스트레스를 해소하고 나면 항상 걱정하던 일들이 별것 아니라는 생각이 들었고, 더 원활한 업무가 가능했기 때문입니다. 업무에 적당한 긴장감은 필요하지만, 과한 스트레스와 부담감은 독이 됩니다. 건강한 방법으로 적절히 스트레스를 관리하겠습니다.
A10: 0005-000144 | B10: 유나윤 | C10: 1지망 : 보건의료연구개발 사업관리A-정규직-전문직/연구원-오송 | D10: 05_보건의료연구개발 사업관리A-정규직-전문직/연구원-오송 | E10: 1 | F10: 2025.07.19 | G10: 제출완료 | H10: 2025.07.30 | I10: Yu Na-Yoon | J10: ugs0806@naver.com | K10: 010-2024-2295 | L10: 010-7131-2295 | M10: 해당없음 | N10: 해당없음 | O10: 비대상 | P10: - | Q10: - | R10: - | S10: - | T10: - | U10: - | V10: - | W10: - | X10: - | Y10: - | Z10: - | AA10: - | AB10: - | AC10: - | AD10: - | AE10: - | AF10: - | AG10: - | AH10: - | AI10: - | AJ10: - | AK10: - | AL10: - | AM10: - | AN10: - | AO10: - | AP10: - | AQ10: - | AR10: - | AS10: - | AT10: - | AU10: 3년1개월 | AV10: 계약직 | AW10: 한국연구재단 | AX10: 3개월 | AY10: 2025.05.01 | AZ10: 재직중 | BA10: 차세대바이오단 | BB10: 연구원 | BC10: 바이오파운드리 인프라 및 활용기반 구축사업, 바이오파운드리 기반 기술개발사업, 바이오파운드리 핵심기기 및 장비 고도화 기술개발사업, 합성생물학 핵심기술개발사업, 혁신인재양성(합성생물학전문인력양성사업) 사업 관리 | BD10: 재직중 | BE10: 계약직 | BF10: 한국보건산업진흥원 | BG10: 9개월 | BH10: 2024.07.15 | BI10: 2025.04.30 | BJ10: 바이오헬스혁신기획단 | BK10: 연구원 | BL10: 헬스케어 이노베이션 포럼·정책 아이디어 공모전 운영 및 지원, 월드바이오서밋 지원, 브리프 작성 | BM10: 이직 | BN10: 계약직 | BO10: 한국보건산업진흥원 | BP10: 10개월 | BQ10: 2023.03.02 | BR10: 2024.01.31 | BS10: 의료기기화장품산업단 | BT10: 연구원 | BU10: 혁신형 의료기기기업 인증 및 관리 | BV10: 기간만료 | BW10: 계약직 | BX10: 한국보건산업진흥원 | BY10: 1년2개월 | BZ10: 2021.12.20 | CA10: 2023.02.28 | CB10: 의료기기화장품산업단 | CC10: 연구원 | CD10: 혁신형 의료기기기업 인증 및 관리/의료기기산업 육성 지원 5개년 종합계획 지원 | CE10: 기간만료 | CF10: - | CG10: - | CH10: - | CI10: - | CJ10: - | CK10: - | CL10: - | CM10: - | CN10: - | CO10: - | CP10: - | CQ10: - | CR10: - | CS10: - | CT10: - | CU10: - | CV10: - | CW10: - | CX10: - | CY10: - | CZ10: - | DA10: - | DB10: - | DC10: - | DD10: - | DE10: - | DF10: - | DG10: - | DH10: - | DI10: Toeic Speaking test | DJ10: Intermediate High | DK10: 2024.03.24 | DL10: 103314 | DM10: - | DN10: - | DO10: - | DP10: - | DQ10: - | DR10: - | DS10: - | DT10: - | DU10: - | DV10: - | DW10: - | DX10: - | DY10: - | DZ10: - | EA10: - | EB10: - | EC10: - | ED10: - | EE10: - | EF10: - | EG10: - | EH10: - | EI10: - | EJ10: - | EK10: - | EL10: - | EM10: - | EN10: - | EO10: - | EP10: - | EQ10: - | ER10: - | ES10: - | ET10: - | EU10: - | EV10: - | EW10: - | EX10: - | EY10: - | EZ10: - | FA10: - | FB10: - | FC10: - | FD10: - | FE10: - | FF10: - | FG10: - | FH10: - | FI10: 2 | FJ10: 컴퓨터활용능력2급 | FK10: 대한상공회의소 | FL10: 21-K9-120893 | FM10: 2021.10.01 | FN10: 한국사능력검정시험(1급) | FO10: 국사편찬위원회 | FP10: 48-115010 | FQ10: 2020.08.21 | FR10: 보건의료연구개발 사업관리A - 15학점 | FS10: 인사행정론 | FT10: 보건의료연구개발 사업관리A | FU10: - | FV10: - | FW10: - | FX10: 민간부문의 조직, 인사, 예산 등을 벤치마킹하여 공공부문의 인적자원관리의 개념 및 특징에 대해서 파악한다. | FY10: 3 | FZ10: - | GA10: - | GB10: 정책사례연구 | GC10: 보건의료연구개발 사업관리A | GD10: - | GE10: - | GF10: - | GG10: 공공부문에서 나타나는 다양한 행정현상과 정책과정 등의 사례를 정책목표와 정책수단을 중점으로 학습하고 이해한다. | GH10: 3 | GI10: - | GJ10: - | GK10: 행정학 현장실습 | GL10: 보건의료연구개발 사업관리A | GM10: - | GN10: - | GO10: - | GP10: 소규모 프로젝트를 진행하면서 현장에서 필요로 하는 설계능력, 실무능력 향상 등을 목표로 한다. | GQ10: 3 | GR10: - | GS10: - | GT10: 재무행정론 | GU10: 보건의료연구개발 사업관리A | GV10: - | GW10: - | GX10: - | GY10: 공공관리역량, 재무관리역량을 예산성립과정을 학습하며 향상시킨다. | GZ10: 3 | HA10: - | HB10: - | HC10: 조사방법론 | HD10: 보건의료연구개발 사업관리A | HE10: - | HF10: - | HG10: - | HH10: 측정도구의 타당성과 신뢰성 등을 검증해 자료분석방법을 학습한다. | HI10: 3 | HJ10: - | HK10: - | HL10: 보건의료연구개발 사업관리A - 19시간 | HM10: 연구관리사 양성과정 | HN10: 보건의료연구개발 사업관리A | HO10: 18 | HP10: - | HQ10: - | HR10: - | HS10: 연구 관리 전반에 대한 이론 및 실무교육을 통한 연구관리 전문가 양성 | HT10: 산학협력사관학교 | HU10: 바이오혁신의길을걷다,첨단바이오 | HV10: 보건의료연구개발 사업관리A | HW10: 1 | HX10: - | HY10: - | HZ10: - | IA10: 바이오 대전환 및 첨단바이오 | IB10: 국가과학기술인력개발원 | IC10: - | ID10: - | IE10: - | IF10: - | IG10: - | IH10: - | II10: - | IJ10: - | IK10: - | IL10: - | IM10: - | IN10: - | IO10: - | IP10: - | IQ10: - | IR10: - | IS10: - | IT10: - | IU10: - | IV10: - | IW10: - | IX10: - | IY10: - | IZ10: - | JA10: 19 | JB10: 1427 | JC10: 1299 | JD10: 1479 | JE10: 1457 | JF10: 0806 | JG10: 비해당 | JH10: 비해당 | JI10: 비해당 | JJ10: 비해당 | JK10: 비해당 | JL10: 해당(충북) | JM10: 해당(충북) | JN10: 비해당 | JO10: 해당 | JP10: 비해당 | JQ10: 보건의료연구개발 사업관리 직무는 보건의료 R&D의 기획, 평가, 수행 관리, 성과관리 등 전주기 과정을 실무적으로 운영하는 역할을 수행한다고 생각합니다. 특히 한국보건산업진흥원이 수행하는 보건의료 R&D는 국가연구개발사업으로, 정책 목표에 부합하는 연구개발 수행과 성과의 사회적 확산이 요구됩니다. 사업이 계획대로 수행되고 그 성과가 국민 삶의 질 향상에 실질적으로 기여할 수 있도록 관리하는 것이 이 직무의 핵심입니다. 보건의료는 국민의 생명과 건강에 직결된 분야로, 단순한 기술개발을 넘어 산업화 가능성과 사회적 파급력까지 고려해야 합니다. 따라서 사업관리자는 과학기술정책, 연구윤리, 법령 준수, 기술사업화 가능성 등 다양한 요소를 종합적으로 고려해 사업을 기획·운영해야 하며, 이러한 점에서 보건의료연구개발 사업관리 직무는 공공성과 산업성을 함께 다루는 복합적 역할이라고 생각합니다. 이러한 직무를 수행하기 위해서는 다음과 같은 세 가지 역량이 필요하다고 생각합니다. 첫째, 보건의료 R&D 및 국가연구개발사업 관련 정책과 법령에 대한 이해입니다. 저는 의료기기산업 법정계획 수립 지원 업무를 수행하며, 정책 아젠다 도출, 전문가 자문 운영, 부처 의견 수렴 등 정책 수립 전 과정을 경험하며 이 역량을 키울 수 있었습니다. 둘째, 협약, 연구비 지급, 행정조치 등 연구관리 행정에 대한 실무 능력입니다. 연구개발 전문기관 재직 중 실제 과제 운영을 담당하며, 관련 법령에 따른 연구비 집행, 협약 체결, 이행관리 등 행정 전반에 대한 실무 경험을 쌓았습니다. 셋째, 기술·정책 환경을 반영하는 적극적 학습 태도입니다. 저는 원에 재직하면서 ‘주간 산업동향’을 주1회 작성하며 기술패권 경쟁, 합성생물학, AX 등 급변하는 기술 및 산업 트렌드를 정리해왔고, 이를 통해 학습한 내용을 정책포럼에 반영한 경험이 있습니다. 이러한 학습 태도는 경쟁력 및 현장성과를 동시에 높이는 기반이 될 것이라 생각합니다. 위와 같은 역량은 실제 업무 수행 과정에서 유기적으로 발휘되었습니다. 제가 담당한 과제 중 한 연구자의 동시수행 과제가 ‘3책 5공’ 기준을 초과해 규정 위반이 우려되는 상황이 있었습니다. 해당 기준은 「혁신법」 및 동시수행가능과제수 제한 고시에 따라, 참여 과제 5개 이내, 이 중 연구책임자는 3개 이내로 제한됩니다. 저는 연구자의 참여 내역과 기준 적용 예외 등 관련 규정을 분석하고, 유사 사례를 조사해 후순위 과제 협약을 삭제하는 방식의 대안을 제시했습니다. 이 과정에서 연구수행 전념 등 제도의 취지를 이해하고 연구자 제재 없이 문제를 해결할 수 있었습니다. 이 경험을 통해 저는 정책과 제도에 대한 이해, 행정 처리 역량, 적극적 학습태도가 사업관리 실무에서 매우 중요하다는 점을 체감했습니다. 앞으로도 축적된 경험과 학습을 바탕으로 보건의료 R&D 사업의 공공성과 산업성을 균형 있게 실현하는 데 기여하고 싶습니다. | JR10: 한국보건산업진흥원은 보건산업의 육성과 보건서비스 향상을 위한 지원사업을 전문적·체계적으로 수행함으로써, 보건산업의 국제 경쟁력을 높이고 국민 건강 증진에 기여하기 위해 설립된 기관입니다. 진흥원은 보건의료 R&D, 산업진흥, 인력양성, 해외진출 등을 통해 바이오헬스 산업의 지속가능한 성장을 지원하고, 글로벌 리더로서 산업혁신을 선도하고 있습니다. 이를 위해 ‘바이오헬스 연구성과 창출-바이오헬스 혁신 연구개발 확대 등과 같은 전략목표와 세부 과제를 설정하여 실행하고 있습니다. 진흥원의 조직 가치는 전문성, 도전, 소통, 신뢰이며, 이 가치를 바탕으로 전략적 산업 분석과 정책 집행을 통해 산업의 혁신 성장을 견인하는 등 보건산업 육성과 글로벌 경쟁력 제고로 국민 삶의 질을 향상하고자 노력하고 있습니다. 다양한 이해관계 속에서 국가 예산을 집행하는 진흥원의 사업은 조직 구성원들의 직업윤리가 매우 중요하다고 생각합니다. 그 중에서도 저는 청렴성과 공익성이 가장 핵심적이라고 생각합니다. 청렴성은 정책 기획과 사업 집행 전 과정에서 공정성과 투명성을 유지하는 기반이 되며, 기관의 대외 신뢰를 좌우합니다. 공익성은 한정된 자원을 효율적으로 배분하고, 그 결과가 국민 건강과 삶의 질 향상으로 환류되도록 만드는 기준입니다. 산업 육성과 국민 삶의 질 향상 사이의 균형을 유지하려면, 사업 담당자가 청렴하고 공익 지향적인 태도를 함양하는 것이 매우 중요하다고 생각합니다. 저는 실제 업무 수행을 통해 청렴성과 공익성을 실천하기 위한 노력을 지속해왔습니다. 청렴성과 관련해서는 규정을 준수하여 업무를 수행하고자 노력하였습니다. 바이오헬스 박람회에서 혁신형 기업 홍보관 운영을 맡으며 용역기관 선정 평가를 수행할 당시, 입찰기관 간 접촉 차단을 위해 대기실과 평가실을 분리하고, 평가위원의 제척사유를 사전 검토하는 등 규정을 준수했습니다. 또한 질의응답 내용을 정리해 일관성 있는 답변을 함으로써 회색지대에서 발생할 수 있는 판단 차이를 방지하고 평가가 공정하게 이루어질 수 있도록 노력하였습니다. 공익성과 관련해서는, 기업 지원 방안을 마련할 때 민간의 경제적 요구와 공공성 간의 균형을 유지하는 데 집중했습니다. 민간기업은 수가 조정, 비급여 등 수익성 중심의 요구를 제시하지만, 전문가 자문과 국내외 사례 분석을 통해 비용 효과성과 국민 건강 향상이라는 공익 가치를 고려하고자 노력하였습니다. 앞으로도 공정한 절차와 명확한 기준에 기반한 사업 수행을 통해 국민에게 신뢰받는 정책과 지원 방안을 마련해 나가겠습니다. 진흥원이 지향하는 청렴하고 공익 중심적인 조직 문화를 실제 업무에서 실현할 수 있도록 노력하겠습니다. | JS10: 바이오헬스 국제 행사 운영 실무를 맡았을 때, 이해관계자와의 갈등을 조정한 경험이 있습니다. 해당 행사는 갑작스럽게 개최지가 인천으로 변경되면서 참석자들의 접근성이 저하되었고, 이를 보완하기 위해 부처 및 유관기관 관계자들을 대상으로 셔틀버스를 운행하게 되었습니다. 저는 셔틀버스 노선 기획과 계약, 시간표 작성, 현장 운영 등 전반적인 운영을 총괄하였습니다. 행사 당일, 프로그램 일정이 30분 이상 지연되며 부처 측으로부터 버스 출발 시간을 늦춰달라는 요청이 들어왔습니다. 세션이 끝나기 전 참석자가 빠져나갈 경우 행사 완성도가 떨어질 수 있다는 우려 때문이었습니다. 하지만 버스 기사님들은 이미 수차례 일정 변경에 응한 상태였고, 퇴근 시간 지연과 반복된 일정 변경에 대한 피로와 불만이 누적된 상황이었습니다. 더 이상의 변경은 수용할 수 없다는 강한 입장을 표명하며 갈등이 고조되었습니다. 저는 문제를 해결하기 위해 상황을 분석하였습니다. 이 상황을 단순한 일정 충돌이나 고집의 문제로 보지 않고, 감정과 자원 손실이 얽힌 구조적 갈등으로 인식하고 접근했습니다. 반복된 변경으로 인해 기사님들의 피로도가 상승하고, 행사 운영팀에 대한 신뢰가 약화된 감정적 문제가 있었으며, 동시에 시간과 노동 강도에 대한 우려가 복합적으로 작용하고 있었습니다. 저는 이 두 가지 갈등 요인을 함께 해결하지 않으면 어떤 제안도 받아들여지기 어렵다고 판단했습니다. 우선 기사님들의 감정을 완화하는 데 집중했습니다. 변경이 불가피했던 사정과 현장 상황을 충분히 설명드리고, 반복된 요청으로 인한 불편에 대해 진심으로 공감했습니다. 문제를 정당화하기보다는 이해와 공감을 바탕으로 신뢰를 회복하려 했습니다. 이후 실질적인 대안을 제시했습니다. 기존에는 A지점과 B지점을 모두 경유하는 노선으로 인해 운행 시간이 길어졌는데, 이를 분리 운행하여 A행, B행 전용으로 구성하여 전체 운행 시간을 줄였습니다. 이는 부처의 요청과 기사님의 요구를 반영한 절충안이었고, 기사님들은 이러한 대안을 수용하셨습니다. 이후 셔틀버스는 민원 없이 원활히 운행되었습니다. 참석자들도 마지막 세션까지 안정적으로 참여할 수 있었고, 행사 전반의 집중도도 유지되었습니다. 업무를 수행하다보면 언제든 갈등 상황에 직면할 수 있다고 생각합니다. 이 경험을 통해 실무자로서 갈등의 본질을 구조적으로 이해하고, 이해관계와 감정을 조율하고, 실행 가능한 해결책을 제시하는 등 일련의 과정을 배울 수 있었습니다. 특히, 문제를 ‘해결’하기에 앞서 상대의 우선순위와 입장을 이해하는 과정이 얼마나 중요한지를 체감했습니다. 조직 내 갈등은 단순한 의사소통 문제가 아니라, 맥락과 자원을 함께 보는 접근이 필요하다고 생각합니다. 보건의료 연구개발 사업관리 업무는 다양한 이해관계자들과의 협업이 일상적으로 이뤄지며, 긴급한 대응과 유연한 조정이 요구되는 분야라고 생각합니다. 저의 이러한 경험을 바탕으로 진흥원의 정책적 신뢰와 현장 실행력을 동시에 높이는 데에 기여할 수 있도록 노력하겠습니다. | JT10: 진흥원은 바이오헬스 산업의 혁신 성장을 선도하는 기관으로, 빠르게 변화하는 정책 환경, 기술 트렌드, 산업 변화에 유연하게 대응하는 조직문화를 갖추고 있다고 생각합니다. 또한 보건의료 R&D를 효과적으로 지원하고 실질적인 연구성과를 창출하기 위해 능동적인 업무환경을 이루고 있다고 생각합니다. 진흥원에 입사하게 된다면, 도전정신 강점을 발휘해 더욱 성장할 수 있다고 생각합니다. 실제로 혁신형 의료기기기업 인증 평가 제도 개선 업무를 수행하면서, 접수부터 평가까지 온라인 시스템을 전면 도입한 경험이 있습니다. 당시에는 비R&D 사업에 R&D용 시스템을 적용하는 데 한계가 있었지만, 정보팀과의 협업을 통해 시스템 기능을 조정하고, 접수 기업 입장에서 오류를 최소화할 수 있도록 매뉴얼도 직접 제작하며 개선을 주도했습니다. 이처럼 관행에 안주하지 않고 새로운 방식에 과감히 도전하며 성과를 낸 경험은, 진흥원이 지향하는 유연하고 혁신적인 조직문화 속에서 더욱 강화될 수 있다고 생각합니다. 특히 최근 미·중 간 기술패권 경쟁이 심화되며 AI, 첨단바이오 등 전략기술이 외교·안보의 자산으로 떠오른 가운데, 기술주권 확보의 중요성이 커지고 있습니다. 이에 따라 R&D 지원기관의 역할도 단순한 예산 집행을 넘어, 기술·산업 변화에 대응하는 정책적 기획과 성과 창출 중심의 사업관리로 확장돼야 한다고 생각합니다. 이를 위해서는 실무 경험을 넘어 정책 기획 역량까지 발전시키기 위한 도전이 필요하다고 생각합니다. 이와 관련해서 저는 전문성 측면에서는 아직 보완해야 할 점이 있다고 느낍니다. 사업 운영, 정책화 경험은 축적해왔지만, 계약기간에 한계가 있기 때문에 이해의 깊이 등 전문성 부분이 약점이라고 생각합니다. 재직기간이 정해져 있기 때문에 부서 이동이 많았고, 업무 불연속성으로 인해 한계를 느꼈습니다. 바이오헬스 특화 지식과 보건의료 R&D 분야에 대한 전문성은 연구자 및 기업과의 소통, 사업 목표에 부합하는 과제 기획, 정책 설계 등 보다 고도화된 역할을 수행하기 위해 반드시 필요한 역량이라고 생각합니다. 이를 보완하기 위해 저는 연구관리사 양성과정을 수강하고 자격증 취득을 준비하고 있으며, 첨단바이오 관련 학회 및 성과 교류회에도 적극 참여하고 있습니다. 실무 경험과 이론적 기반을 결합함으로써, 보건의료 R&D의 구조와 운영 체계를 더 깊이 있게 이해하고, 실질적인 성과 창출을 지원할 수 있는 역량을 키워가고 있습니다. 바이오헬스 산업의 혁신과 국민 건강 증진이라는 진흥원의 미션을 달성하기 위해서는, 단순한 행정 지원을 넘어 전문성과 기획력을 갖춘 사업관리자로 성장하는 것이 중요하다고 생각합니다. 저는 앞으로도 변화에 능동적으로 대응하고, 제도를 개선하며, 실무 경험을 토대로 정책 기획까지 확장할 수 있는 실천력 있는 인재로 성장해 나가겠습니다. 동시에 전문성 강화를 위한 노력을 지속하여, 바이오헬스 R&D 성과 창출에 실질적으로 기여할 수 있는 구성원이 되겠습니다.
A11: 0005-000168 | B11: 이다영 | C11: 1지망 : 보건산업진흥지원-정규직-전문직/연구원-오송 | D11: 03_보건산업진흥지원-정규직-전문직/연구원-오송 | E11: 1 | F11: 2025.07.19 | G11: 제출완료 | H11: 2025.07.31 | I11: Lee Dayoung | J11: okdokey2022@gmail.com | K11: 010-4019-2056 | L11: 010-7940-2056 | M11: 해당없음 | N11: 해당없음 | O11: 비대상 | P11: - | Q11: - | R11: - | S11: - | T11: 게재 | U11: 국내 등재학술지 | V11: 개방형 혁신활동의 외부 협력파트너 유형과 혁신성과 간 관계: 기업규모와 산업유형의 조절효과를 중심으로 | W11: 한국기술혁신학회지, 24(6), 1187-1217, 2021 | X11: 주저자 | Y11: 2021.12.31 | Z11: (1/3) | AA11: 한국기술혁신학회지 | AB11: 1598-2912 | AC11: 게재 | AD11: 국내 등재학술지 | AE11: 개방형 혁신활동의 수준이 혁신성과에 미치는 영향: 기술보호의 매개효과를 중심으로 | AF11: 기술혁신연구,29(4),31-57,2021 | AG11: 공동저자 | AH11: 2021.11.30 | AI11: (1/3) | AJ11: 기술혁신연구 | AK11: 1598-1347 | AL11: - | AM11: - | AN11: - | AO11: - | AP11: - | AQ11: - | AR11: - | AS11: - | AT11: - | AU11: 5년10개월 | AV11: 계약직 | AW11: 한국보건산업진흥원 | AX11: 4개월 | AY11: 2025.04.01 | AZ11: 재직중 | BA11: 국가통합바이오빅데이터사업단(총괄기획팀) | BB11: 연구원 | BC11: 사업관리 | BD11: 재직중 | BE11: 정규직 | BF11: 한국광기술원 | BG11: 3년3개월 | BH11: 2021.11.22 | BI11: 2025.03.08 | BJ11: 기업성장지원센터 | BK11: 기술원 | BL11: 기술사업화 업무 및 사업관리 수행 | BM11: 대학원 진학 | BN11: 계약직 | BO11: ㅇㅇ대학교 산학협력단 | BP11: 1년8개월 | BQ11: 2020.02.27 | BR11: 2021.11.15 | BS11: 사업화컨설팅 | BT11: 직원 | BU11: 기술사업화 업무 및 사업관리 수행 | BV11: 이직 | BW11: 계약직 | BX11: ㅇㅇ대학교 산학협력단 | BY11: 6개월 | BZ11: 2017.09.01 | CA11: 2018.02.28 | CB11: 기업가센터 | CC11: 직원 | CD11: 창업지원 업무 | CE11: 계약기간 만료 | CF11: - | CG11: - | CH11: - | CI11: - | CJ11: - | CK11: - | CL11: - | CM11: - | CN11: - | CO11: - | CP11: - | CQ11: - | CR11: - | CS11: - | CT11: - | CU11: - | CV11: - | CW11: - | CX11: - | CY11: - | CZ11: - | DA11: - | DB11: - | DC11: - | DD11: - | DE11: - | DF11: - | DG11: - | DH11: - | DI11: - | DJ11: - | DK11: - | DL11: - | DM11: - | DN11: - | DO11: - | DP11: - | DQ11: - | DR11: - | DS11: - | DT11: - | DU11: - | DV11: - | DW11: - | DX11: - | DY11: - | DZ11: - | EA11: - | EB11: - | EC11: - | ED11: - | EE11: - | EF11: - | EG11: G-telp(Level 2) | EH11: 236.0 | EI11: 2023.12.17 | EJ11: 0002-0022883 | EK11: - | EL11: - | EM11: - | EN11: - | EO11: - | EP11: - | EQ11: - | ER11: - | ES11: - | ET11: - | EU11: - | EV11: - | EW11: - | EX11: - | EY11: - | EZ11: - | FA11: - | FB11: - | FC11: - | FD11: - | FE11: - | FF11: - | FG11: - | FH11: - | FI11: 1 | FJ11: 컴퓨터활용능력2급 | FK11: 대한상공회의소 | FL11: 24-K9-013111 | FM11: 2024.03.15 | FN11: - | FO11: - | FP11: - | FQ11: - | FR11: 보건산업진흥지원 - 15학점 | FS11: 기술예측 | FT11: 보건산업진흥지원 | FU11: - | FV11: - | FW11: - | FX11: 각 산업군별로 기술 미래성을 예측하고 이에 대한 사업화 전략 기획 수립 | FY11: 3 | FZ11: - | GA11: - | GB11: 산업인공지능 | GC11: 보건산업진흥지원 | GD11: - | GE11: - | GF11: - | GG11: AI 기반의 인공지능 방법론 분석 연구를 진행하고 이에 대한 산업군 분석 등의 교육 | GH11: 3 | GI11: - | GJ11: - | GK11: 임상연구의최신동향 | GL11: 보건산업진흥지원 | GM11: - | GN11: - | GO11: - | GP11: 최근 AI기반의 임상연구 트랜드를 분석하여, 이에 임상 현장과 연결 할 수 있는 방법 | GQ11: 3 | GR11: - | GS11: - | GT11: 혁신의료기기성능및임상유효성평가 | GU11: 보건산업진흥지원 | GV11: - | GW11: - | GX11: - | GY11: 의료 인허가 관련 인증 시스템 및 현장에서 활용하는 방법 연구 교육 진행 | GZ11: 3 | HA11: - | HB11: - | HC11: 기술가치평가 | HD11: 보건산업진흥지원 | HE11: - | HF11: - | HG11: - | HH11: 산업에서 활용하고 있는 기술 들을 분석해보고 이에 대한 미래 기술 전략 수립에 대한 가치 평가 교육 수행 | HI11: 3 | HJ11: - | HK11: - | HL11: 보건산업진흥지원 - 96시간 | HM11: 입문자를 위한 R데이터 분석과 텍스트 마이닝 : 단계별 학습가이드 | HN11: 보건산업진흥지원 | HO11: 16 | HP11: - | HQ11: - | HR11: - | HS11: R데이터 관련하여 분석 방법론을 연구하고 이에 대한 연구 전략 수립 교육 | HT11: 윈스펙 | HU11: [플립러닝] 디지털마케팅 - 그로스해킹 & 구글애널리틱스 | HV11: 보건산업진흥지원 | HW11: 17 | HX11: - | HY11: - | HZ11: - | IA11: 디지털마케팅 관련하여 전략 수립 및 사업화 분석에 관한 교육 | IB11: (주)휴넷 | IC11: AP News & Busiiness | ID11: 보건산업진흥지원 | IE11: 21 | IF11: - | IG11: - | IH11: - | II11: AP News & Busiiness, 관련 영어 교육 | IJ11: 챔프스터디 원격평생교육원 | IK11: 1 PAGE로 승부하라 : 강력한 한 장의 기획서 | IL11: 보건산업진흥지원 | IM11: 17 | IN11: - | IO11: - | IP11: - | IQ11: 1 PAGE 요약보고서 작성 등에 대한 교육 진행 | IR11: (주)휴넷 | IS11: 캠브리지 잉글리시 Business Benchmark-초급1 | IT11: 보건산업진흥지원 | IU11: 25 | IV11: - | IW11: - | IX11: - | IY11: 영어 회화 관련 교육 수행 | IZ11: (주)휴넷 | JA11: 96 | JB11: 1499 | JC11: 1499 | JD11: 1497 | JE11: 1498 | JF11: 0423 | JG11: 비해당 | JH11: 비해당 | JI11: 비해당 | JJ11: 비해당 | JK11: 비해당 | JL11: 비해당 | JM11: 비해당 | JN11: 비해당 | JO11: 해당 | JP11: 비해당 | JQ11: [바이오헬스 혁신성장 인프라 강화에 선도자] 본 직군은 '2025년도 보건복지부 R&D 중점 추진 방향 중 하나인 바이오헬스 혁신성장 인프라 강화'에 한 파트를 두고 있습니다. 특히 TRL 기반의 성장 지원으로 유망 창업 기업을 선발하여, 보건의료 기술 마케팅 사업화 진행 등 밀착 지원을 합니다. 단순 지원을 넘어서 바이오 코리아, 벤처카페, 글로벌 기술 교류 지원을 통해 사업화 전략 수립 구성에 도움을 줍니다. 도전정신을 바탕으로 기술 분석 능력 및 R&D 사업 관리가 중요하다고 생각합니다. 저는 관련 학위 취득과 가치분석사, IP정보검색사와 같은 기술사업화 자격증 보유, 교육을 통해 의료 시장에 대한 연구를 하고 있습니다. 이는 보건의료 사업화 전략 수립에 핵심이라고 생각합니다. 입사 후, 새로운 보건의료에 대한 키워드가 나오더라도 최소시간으로 최대이익의 효과를 볼 수 있도록 업무를 수행할 자신이 있습니다. [IT+ 기술경영 학문의 융합] 현재 기술경영 박사과정에 재학 중이며, 기술기획과 산업인공지능 외 2개 과목을 이수했습니다. 더 나아가 데이터 기반 의사결정 역량과 전략 기획 능력을 강화했습니다. 그리고 분석 능력을 키우기 위해 R프로그래밍 기반 특허 데이터 및 네트워크 분석 연구를 통해 기술 연결 및 산업 트렌드를 파악하는 역량을 키우고 있습니다. 또한 다양한 학문의 거버넌스를 구축하기 위해 보건과 IT의 융합 관점에서 인허가 관련 과목 등을 이수하며 복잡한 규제 및 산업 구조에 대한 지식도 확보했습니다. 앞서 말씀드린 내용을 기반으로 학제 간 융복합 역량을 활용하여 데이터 기반의 과학적 기획과 다양한 부서의 실무자와 협업을 통한 효율적 프로젝트 관리에 직접적으로 기여할 수 있습니다. 그리고 의료 시장의 기술 예측 미래 분석으로 논문의 연구 주제를 설정해, 산학연 기반의 환경 구성 연구를 집중적으로 하고 있습니다. 저는 박사과정 첫 학기를 4.5 GPA으로 마무리했고 전문 연구자로 성장하고 있습니다. 이는 입사 후에 융합 기반 기술사업화 전략 수립 역할을 수행할 수 있는 원천이 될 수 있습니다. 학사과정에서는 IT 전문 지식 향상을 위해 공학기술과 경영 학문에 대해 집중적으로 학습했고, 석사과정에서는 산업기술 측면에 집중하여 기술전략, 기술기획, 기술가치평가 등 기술사업화 관련 과목 13개 이상을 이수했습니다. 그리고 3년 이상 실무 경험을 통해 인프라 활성화를 직접 경험하여 중상급의 전문성을 갖추게 되었습니다. 저는 다양한 학문에서 개방형 혁신 기반 산업별 기술협력 연구로 KCI 논문 2편을 발표한 연구 경력이 있습니다. 또한 A부터 Z까지 전 주기를 포괄하는 2개 이상의 사업을 운영했고 5개 이상의 연구소기업 설립 및 기업지원을 수행했습니다. 해당 역량을 기반으로 여러 중소기업에 20건 이상의 저가양도를 추진했습니다. 기술 품질 향상에 필요한 간이 기술 가치 평가를 했으며, 산학연 기반의 인프라 환경 구성을 구축했습니다. 이처럼 다양한 산업 분야로 확장하고 R&D 전략 수립에 적극적으로 운영하겠습니다. | JR11: [개방형 혁신 기반의 국내외 보건의료 환경 구성] 한국보건산업진흥원은 보건산업의 국제 경쟁력 강화와 국민 보건 향상을 목표로 바이오헬스 산업 혁신과 국민 건강 증진을 선도하는 기관이라고 이해하고 있습니다. 특히 국내외 연구성과 산업화와 수출 경쟁력 강화, 지속 가능한 경영 체계 구축을 통해 헬스 분야 기술사업화를 전체적으로 지원하며, 공공성과 산업성의 균형을 유지하는 점이 특징입니다. 또한 투명한 지원과 신뢰할 수 있는 정보 제공을 바탕으로 산학연과 정부를 연결하는 허브 역할을 수행하며, 개방형 혁신으로 글로벌 보건의료 생태계 조성에 기여하고 있다고 생각합니다. [다 방면 접근 방식] 다양한 보건의료 사업 수행으로 국민 건강과 환경 구성이 직결되므로 지원 사업의 운영과 성과에 대한 책임감이 중요하다고 생각합니다. 이에 대한 노력으로 총 2가지 관점인 연구소기업 설립, SMK 기획에 대해서 말씀드리고자 합니다. 먼저 연구소 기업 발굴이 핵심인 사업을 소속 센터에서 수행했으며, 주요 목표는 우수한 기술을 갖고 있는 강소기업들을 지역으로 유치하여, 연구소기업을 설립하는 것이었습니다. 퇴근 후, 연구소 기업 우수사례를 찾아보며, 기업 가치성을 높이기 위해 노력했습니다. 특히, 원페이지 요약서를 활용하여, 양자 간의 수요를 적절하게 파악했고 원의 우수한 기술을 이전 받을 수 있도록 소통 중심의 업무를 했습니다. 저는 WBS 기반으로 업무를 진행했습니다. 먼저 처음 기업을 만나 사업성과 희망하는 기술분야에 관해서 이야기를 나누었고 원내 특허 리스트 보유에서 '대분류->중분류->소분류'로 나누어 가능한 기술 10개를 제시했습니다. 그 후, 기업 수요에 맞는 기술관련 연구자에게 연구소기업 관련 원페이지 요약서를 배포하고 추가적으로 미팅하며, 연구자를 설득했습니다. 그리고 기술가치 평가 진행 시, 발표 자료 검토 등 수정을 해주며, 매니저 역할을 해주었습니다. 마지막으로 최종 평가를 받으며, 설립 대장정을 마무리할 수 있었습니다. 발굴부터 관리까지 총 3개의 연구소 기업을 설립했습니다. 다음으로는 우수 기술을 발굴하기 위해 각 분야의 센터장님께 연락드리고 개별 미팅을 하며, 수요를 현장에서 듣기 위해 많은 노력을 했습니다. 덕분에 신입 박사들이 보유한 기술을 소개하는 자료와 영상을 제작할 수 있었습니다. 본 자료 기반으로, 다양한 곳에서 기술 소개 및 많은 기업들을 만나며, 우수한 기술이 기업들과 연결될 수 있도록 브릿지 역할을 돈독하게 진행했습니다. 특히 신입 박사들의 보유 기술이 소개될 수 있도록, 사업화 가능성을 중심으로 기술설명회에서 관련 내용을 안내했습니다. 이러한 노력의 결과로 5건 이상의 기술사업화 성공을 이끌어냈습니다. 보건의료 분야는 생명윤리와 밀접하게 관련되어 있어, 법적 요소를 충분히 고려한 책임 있는 사업 운영이 중요하다고 판단합니다. 이에 해당 직무에 입사하게 된다면, 단순한 지원 관리에 그치지 않고 사업화 전략을 능동적으로 수립하며, 1+1 융복합 관점을 바탕으로 실질적인 성과 창출에 기여하겠습니다. | JS11: [객관적 근거 기반의 분석정신] 성과물 관리 업무를 수행하던 중, 장기 보유 특허로 인해 예산이 낭비되고 있는 문제를 발견했습니다. 저는 문제 해결을 위해 객관적인 근거를 수집하기로 결정했고 예산 낭비를 줄이기 위한 다양한 방안을 모색하기 시작했습니다. 구체적인 설득 근거를 제시하기 위해 지난 3년간 특허 지출 예산과 1건당 발생한 비용을 분석했습니다. 그 결과, 사업화되지 않은 장기 보유 특허가 과도한 유지 비용을 초래하고 있다는 문제를 확인할 수 있었습니다. 또한 특허 유지 기간과 기술이전 성공률 간의 상관관계를 분석한 결과, 6년 이상 유지된 특허는 기술이전 가능성이 현저히 낮으며, 해외 특허의 경우 국내보다 유지 비용이 2배 이상 높다는 사실도 입증했습니다. 특히 미국 특허의 경우, 관련 비용이 1건당 약 2,000만 원 이상 발생하는 것으로 확인되었습니다. 저는 해외 특허의 전략적 관리와 국내 특허 유지 기간 설정이 필요하다는 분석을 토대로, 본부장님과 센터장님께 특허 포트폴리오 조정 및 유지 전략 개선 방안을 제안하였습니다. 또한 설득하기 위해 6개월간 경영기획팀, 연구본부 등 관련 부서와 자발적으로 미팅을 주도했습니다. 그 결과 객관적인 데이터를 바탕으로 논리와 신뢰의 공감대를 형성할 수 있었습니다. 전체 간부회의에서는 “특허 유지 기간은 5년으로 제한하고, 기술이전과 연계된 특허를 별도로 관리한다.”라는 결론이 도출되었습니다. 이를 통해 연간 약 4,000만 원의 지출을 절감하고, 미수금 비율을 2% 이상 개선하여 재정 건전성을 강화하는 성과를 창출했습니다. [믿음과 경청의 자세] 최소한의 직무발명 지식재산권 관리와 1:1 관점으로 등록보상금 지급을 주장하는 보직자와 전체적인 지식재산권 관리로 1:다의 등록보상금 동기부여를 하자는 실무진 간에 의견 차이가 있었습니다. 보직자는 국내외 각 1개 특허 보상에 대한 입장이었고 실무자는 연구자의 성과 중심으로 지급하자는 의견이었습니다. 이에 저는 객관적 자료를 활용하여 최소 시간으로 최대 이익을 얻기 위해서 국내외 각각 1건에 대해 보상금을 지급한다면 국내 특허 등록에서 마무리하는 경우가 많고 기술 기반 해외 진입이 줄어들 것이라는 의견을 제시했습니다. 또한 등록보상금에 대한 판례 분석 및 다른 기관의 등록 보상금 제도를 벤치마킹하였습니다. 그리고 원페이지 보고서에 해당 의견을 활용하여 우수 성과물 확보를 위해 등록보상금 제도의 필요성에 대해서 이야기했습니다. 단계별 업무 추진 시, 소통기반의 업무를 진행했고 상대방을 존중한 결과, 꾸준한 피드백을 받을 수 있었습니다. 저는 경영기획실과의 지속적인 협의를 통해 지식재산권 기반 연구 성과물 보호를 위한 새로운 규정 제정을 추진했습니다. 등록보상금 제도는 ‘1:다’ 권리 확보 관점과 우수 특허 확보의 필요성을 근거로 설득하였고, 전반적인 지식재산권 권리 범위를 사전에 관리함으로써 특허 분쟁을 예방하자는 방향으로 정리되었습니다. 그 결과, 8년 만에 해당 규정은 신규로 제정되며, 우수 성과로 마무리하였습니다. | JT11: [보건의료분야의 기술사업화 인재] 저를 표현하는 세 가지 키워드로서 높은 친화력, 융합형 역량, 그리고 강한 추진력입니다. 이는 한국보건산업진흥원이 추구하는 변화에 능동적으로 대응하고 주도하는 미래 지향적 인재와 부합한다고 생각합니다. 특히 다양한 기관과 연구자 간 협력을 통해 기술사업화를 추진해 온 경험은 진흥원의 조직문화와도 잘 맞습니다. 진흥원은 보건의료 기술의 발굴부터 사업화까지 여러 이해관계자와의 협업이 핵심이며, 저는 학부 시절부터 사람들과 소통하며 애로사항을 해결하는 데 만족감을 느꼈습니다. 이러한 성향 덕분에 산학협력단 근무를 시작으로 기술사업화 분야를 알게 되었고, 이후 창업보육전문매니저, 기술사업화전문코디네이터 등 6종의 관련 자격을 취득하며 전문성을 강화했습니다. 이는 기업의 요구를 면밀히 파악하고 적합한 지원 프로그램과 기술사업화 전략을 제시해 성과를 만들어 왔습니다. 또한 오픈이노베이션 연구자로서 역량은 진흥원의 미래지향적 과제 추진과 직결됩니다. 저는 학문적 연구와 실무 경험을 결합하여 기업이 적합한 외부 파트너와 협력할 때, 사업화 성과가 높아진다는 결론을 도출하였으며, 이를 바탕으로 KCI 등재 논문 2편을 발표했습니다. 박사과정에서는 데이터 기반 분석 연구를 하며, 기술사업화 활성화 고도화 노력에 다방면으로 노력하고 있습니다. 이러한 연구 기반의 실무 역량은 진흥원이 추진하는 보건의료기술의 글로벌 확산과 혁신사업 발굴에 기여할 수 있다고 확신합니다. 특히 진흥원의 다양한 부서와의 협업이 요구되는 환경 속에서, 저는 친화적인 소통 능력과 융합형 시각을 바탕으로 타 부서와의 시너지를 극대화하며 성장할 수 있다고 생각합니다. [궁금함과 깊은 생각] 직무와 관련해 문제를 다루며, 법적으로 고려해야 하는 요소가 많습니다. 주어진 업무에 대해서 다방면으로 생각하는 것이 단점이라고 생각합니다. 특히 시간에 맞춰서 업무를 수행해야 함에도 깊은 몰입으로 생각하는 것에 많은 시간을 소비할 수도 있기 때문입니다. 지나친 몰입은 다양한 업무를 하여야 하는 실무진 입장에서 문제가 될 수 있습니다. 이에 저는 다음과 같이 업무를 해결하고 있습니다. 먼저 업무의 구조화를 만드는 것입니다. 우선순위를 지정하여, 사전에 궁금증을 해소한 뒤, 진행하고 있습니다. 선해결 후접근의 방안으로 업무의 효율성을 높이는 관점이라고 생각합니다. 또한 업무 지원과 법률적 시안을 다루는 것을 수행하면서 의견 차이로 인해 정서적 스트레스를 경험한 적이 있습니다. 초기에는 이러한 스트레스를 해소하기 위해 먹는 것으로 기분을 달랬지만, 결국 건강에 적신호를 가져오는 부정적인 결과를 초래했습니다. 저는 걸그룹 댄스를 완벽하게 익히기로 마음먹었습니다. 명확한 목표 의식을 가지고 하루 30분 이상 꾸준히 연습한 결과, 현재 5곡 이상 안무를 완벽하게 소화할 수 있을 정도의 성취감을 얻었습니다. 이처럼 업무 수행 중, 예상치 못한 어려움이 닥치더라도 흔들림 없이 유연하게 대응하고 다양한 측면에서 최상의 조직 성과를 창출하는 데 기여하겠습니다.
A12: 0005-000169 | B12: 정경숙 | C12: 1지망 : 보건산업진흥지원-정규직-전문직/연구원-오송 | D12: 03_보건산업진흥지원-정규직-전문직/연구원-오송 | E12: 1 | F12: 2025.07.19 | G12: 제출완료 | H12: 2025.07.31 | I12: Jung Kyungsook | J12: jeongks419@naver.com | K12: 010-5755-7746 | L12: 010-6400-7570 | M12: 해당없음 | N12: 해당없음 | O12: 비대상 | P12: - | Q12: - | R12: - | S12: - | T12: 게재 | U12: SCOPUS | V12: Risk of Water and Food-Borne Communicable Diseases in Travelers Entering Korea | W12: Osong Public Health Res Perspect 2019;10(4):215−220 | X12: 주저자 | Y12: 2019.06.19 | Z12: (1/5) | AA12: 질병관리본 | AB12: 2210-9099 | AC12: - | AD12: - | AE12: - | AF12: - | AG12: - | AH12: - | AI12: - | AJ12: - | AK12: - | AL12: - | AM12: - | AN12: - | AO12: - | AP12: - | AQ12: - | AR12: - | AS12: - | AT12: - | AU12: 8년5개월 | AV12: 무기계약직 | AW12: 질병관리청 | AX12: 7년7개월 | AY12: 2017.12.15 | AZ12: 재직중 | BA12: 검역정책과 | BB12: 선임연구원 | BC12: 감염병 검역대응, 검역관련 통계 관리, 국제공인예방접종사업 관리 등 | BD12: 재직중 | BE12: 계약직 | BF12: 00대학교 | BG12: 3개월 | BH12: 2017.08.28 | BI12: 2017.12.16 | BJ12: 보건행정과 | BK12: 시간강사 | BL12: 강의 | BM12: 계약만료 | BN12: 계약직 | BO12: 00대학교 | BP12: 6개월 | BQ12: 2015.03.01 | BR12: 2015.08.31 | BS12: 보건복지정보학과 | BT12: 시간강사 | BU12: 강의 | BV12: 계약만료 | BW12: - | BX12: - | BY12: - | BZ12: - | CA12: - | CB12: - | CC12: - | CD12: - | CE12: - | CF12: - | CG12: - | CH12: - | CI12: - | CJ12: - | CK12: - | CL12: - | CM12: - | CN12: - | CO12: - | CP12: - | CQ12: - | CR12: - | CS12: - | CT12: - | CU12: - | CV12: - | CW12: - | CX12: - | CY12: - | CZ12: - | DA12: - | DB12: - | DC12: - | DD12: - | DE12: - | DF12: - | DG12: - | DH12: - | DI12: - | DJ12: - | DK12: - | DL12: - | DM12: - | DN12: - | DO12: - | DP12: - | DQ12: - | DR12: - | DS12: - | DT12: - | DU12: - | DV12: - | DW12: - | DX12: - | DY12: - | DZ12: - | EA12: - | EB12: - | EC12: - | ED12: - | EE12: - | EF12: - | EG12: - | EH12: - | EI12: - | EJ12: - | EK12: - | EL12: - | EM12: - | EN12: - | EO12: - | EP12: - | EQ12: - | ER12: - | ES12: - | ET12: - | EU12: - | EV12: - | EW12: - | EX12: - | EY12: - | EZ12: - | FA12: - | FB12: - | FC12: - | FD12: - | FE12: - | FF12: - | FG12: - | FH12: - | FI12: 1 | FJ12: 사회조사분석사2급 | FK12: 한국산업인력공단 | FL12: 17203021557P | FM12: 2017.11.24 | FN12: - | FO12: - | FP12: - | FQ12: - | FR12: 보건산업진흥지원 - 15학점 | FS12: 보건학 | FT12: 보건산업진흥지원 | FU12: - | FV12: - | FW12: - | FX12: 보건학에 대한 전반적인 내용 학습 | FY12: 3 | FZ12: - | GA12: - | GB12: 보건사업관리 | GC12: 보건산업진흥지원 | GD12: - | GE12: - | GF12: - | GG12: 보건사업관리를 위한 이론 학습 | GH12: 3 | GI12: - | GJ12: - | GK12: 보건행정학 | GL12: 보건산업진흥지원 | GM12: - | GN12: - | GO12: - | GP12: 보건행정학에 대한 이론 학습 | GQ12: 3 | GR12: - | GS12: - | GT12: 보건통계학 | GU12: 보건산업진흥지원 | GV12: - | GW12: - | GX12: - | GY12: 보건 통계학 이론 학습 및 토론 | GZ12: 3 | HA12: - | HB12: - | HC12: 의료경영세미나 | HD12: 보건산업진흥지원 | HE12: - | HF12: - | HG12: - | HH12: 의료경영에 대한 전반적인 내용 학습 | HI12: 3 | HJ12: - | HK12: - | HL12: - | HM12: - | HN12: - | HO12: - | HP12: - | HQ12: - | HR12: - | HS12: - | HT12: - | HU12: - | HV12: - | HW12: - | HX12: - | HY12: - | HZ12: - | IA12: - | IB12: - | IC12: - | ID12: - | IE12: - | IF12: - | IG12: - | IH12: - | II12: - | IJ12: - | IK12: - | IL12: - | IM12: - | IN12: - | IO12: - | IP12: - | IQ12: - | IR12: - | IS12: - | IT12: - | IU12: - | IV12: - | IW12: - | IX12: - | IY12: - | IZ12: - | JA12: - | JB12: 1305 | JC12: 1366 | JD12: 1487 | JE12: 970 | JF12: 0419 | JG12: 비해당 | JH12: 비해당 | JI12: 비해당 | JJ12: 비해당 | JK12: 비해당 | JL12: 해당(경북) | JM12: 비해당 | JN12: 비해당 | JO12: 비해당 | JP12: 비해당 | JQ12: ‘보건산업진흥지원’은 우리나라의 보건산업의 국제 경쟁력 향상과 고부가가치 국가 핵심 전략사업으로 육성하기 위한 정책과 사업을 추진하는 역할을 합니다. 주요 업무는 ①기술사업화 활성화 및 창업 지원, ②제약바이오산업 관리, ③의료기기사업관리, ④바이오헬스인재양성 등 으로 다양한 영역에서 보건산업의 혁신과 성장을 지원하는 역할을 수행합니다. 저는 이 직무를 국내 보건산업의 성장을 위한 지원을 통해 기반을 마련하고 정책을 계획하고 시행 및 사업 관리하는 업무라고 이해하고 있습니다. (이론 및 다양한 실무 경험을 통한 준비된 인재) ‘보건산업진흥지원’ 업무를 수행하기 위해서는 ‘전문적 지식’과 다양한 실무 경험을 통한 ‘정확한 자료 분석 및 보고서 작성 능력’이 필요하다고 생각합니다. 전문적 지식을 업무에 활용하기 위해 보건경제학, 보건 통계학, 국제보건 등의 수업을 들으며 보건학을 석사를 취득하였으며, 학위 기간 동안 자료 조사 및 통계 분석에 대하여 공부하고 논문도 작성하였습니다. 또한 보건의료NGO에서 인턴 기간 동안 ‘조선족 아동청소년 정신 건강 실태 조사’ 통계 분석 및 정리 업무와 ‘한중아시아 보건의료 컨퍼런스’를 기획하고 준비하는 과정에 참여하였습니다. 보건분야는 다양한 지식이 있어야 한다고 판단하여 박사 과정 동안에는 경영학, 조직, 마케팅에 대한 이론을 공부하고 관련 논문을 통하여 이론적 학습을 하며 의료경영전공으로 박사과정을 수료하였습니다. 저는 이런 다양한 경험을 통해 업무 수행에서 근거기반의 예측이 중요하다고 판단하고 통계 분석 능력을 갖추기 위해 사회조사분석사 2급을 취득하였습니다. 이후, 한국역학회에서 진행한 통계학 연수에도 참석하며 꾸준한 자기개발에 노력하였습니다. 학위 과정 동안에는 ‘한국의료서비스의 글로벌화 현황 및 발전전략’이라는 연구과제 연구보조원으로 참여하며 관련 기관에서 작성한 자료를 조사 및 정리하고 보고서 작성을 하였습니다. 더불어 자료 분석 후 보고서 작성 능력을 향상시키기 위해 보건정책 관련 업무를 담당하는 동안에는 정책의 계획부터 최종보고서 작성을 경험하였습니다. 에볼라바이러스병 대응을 담당하며, 에볼라바이러스 발생지역인 콩고민주공화국 연간 입국자 수를 파악하고, 국내 입국자의 주요 경유 국가, 항공기 입항 횟수 등을 미리 조사하여 WHO에서 에볼라바이러스병 국제공중보건위기상황선포에 맞춰 대응 계획을 수립한 경험이 있습니다. 또 국제공인예방접종 담당자로서 백신 수급 동향을 분석하고 보고함으로써 정책 실행의 정확성과 신속성을 높였습니다. 이처럼 저는 학문적 전문성과 실무 경험을 바탕으로 보건산업진흥지원 분야에서 실질적인 기여를 할 준비가 되어 있습니다, | JR12: 우리나라의 보건사업 육성과 글로벌 경쟁력 향상을 위하여 한국보건산업진흥원은 전문적인 지식을 활용하여 체계적으로 보건산업지원사업을 수행하고 있습니다. 한국보건산업진흥원은 바이오헬스 산업 혁신과 국가건강 증진을 선도하는 글로벌 리더를 비전으로 보건산업분야의 전문성을 바탕으로 도전하며, 구성원 및 업무 관련자들과 원활한 소통을 바탕으로 신뢰받을 수 있는 기관으로 인정받고 있습니다. 저는 한국보건산업진흥원의 핵심가치를 ‘책임감’, ‘전문성’, ‘소통’이라고 이해하고 있으며, 이는 제가 공공기관에서 업무를 수행하며 중요하게 여기는 가치이기도 합니다. 업무를 성실하게 수행하며 실수를 하더라도 변명하지 않고 해결하기 위해 노력하고 그 결과에 책임을 지는 태도인 책임감은 어떤 업무를 담당하든지 제일 기본적으로 필요한 가치관이라고 생각합니다. 그리고 책임감 있게 업무를 하다 보면 담당 업무에 대한 기술 및 지식이 필요하므로 위해 지속적으로 자기개발을 하고 전문성을 갖춘 업무를 하겠다는 태도가 꼭 필요합니다. 마지막으로 업무는 항상 혼자만 할 수 없었습니다. 업무를 하다보면 자신의 의견이 항상 옳은 것도 아니며, 업무를 하다 보면 다양한 관점이 필요하므로 동료들의 의견을 잘 듣고, 조율하며 효율적으로 일하는 것이 좋다고 생각합니다. 검역 감염병 예방 및 대응 업무를 수행하면서 국제기준에 부합하는 선박위생증명서 제도 개선안 마련 업무를 담당한 경험이 있습니다. 해당 제도는 오랜 기간 개선되지 않았으며 실무자 및 업계의 불만이 있었던 사안이였습니다. 오랫동안 개선되지 않았던 업무라 개선안 마련에 고려할 점들이 많았습니다. 절차 하나를 전문성 없이 대충 만들어 버린다면 국내 선박위생증명서 업무를 하는 실무자는 물론이고, 선박 업계에 큰 혼란을 줄 수 있다는 무거운 마음이 들었습니다. 그래서 저는 이 사업의 개선안을 마련하기 위해서 많은 근거들과 전문 지식이 필요하다고 판단하였습니다. 타국의 사례를 조사하며 미국, 호주, 캐나다 등 주요 국가 전문가들과 영상회의를 하였으며, 국제 기준 등에 대해 공부하면서 개선안의 방향을 정하였습니다. 또한 법적인 근거와 이론적 바탕으로 마련을 하다 보면 현장의 어려움을 고려하지 않을 순 없었습니다. 법이나 이론적으로 문제가 없어 보여 바로 실무현장에 지침을 배포할 시 실무자들의 어려움이 발생할 수 있는 변수를 고려하여, 우선적으로 현장의 의견을 경청하고 존중하며, 실무자 인터뷰 등 소통하며 업무를 진행하였습니다. 이 과정은 단순한 문서 작성이 아니라 실효성있는 정책을 수립하기위한 전문성과 소통을 요구하는 일이었습니다. 앞으로 진흥원의 구성원으로서 이해관계자들과 적극적으로 소통하며 현장 중심의 정책을 수립하고 관련 규정 및 국제기준을 철저히 준수하는 윤리의식을 바탕으로 업무를 수행하겠습니다. | JS12: 해외여행 후 입국자들이 검역 단계에서 기침, 발열, 피부발진 등 감염병 증상을 검역관에게 알리면 검역관은 증상을 확인하고, 건강상태를 조사하게 됩니다. 각 감염병 관리 매뉴얼에 따라 조사 결과 감염병 감시 기간 동안 관리가 필요하다고 판단되면 입국자의 관할 거주지 보건소로 통보하여 지역사회에 감염병 확산을 예방 조치를 수행합니다. 입국 단계에서 확인된 유증상자를 지역사회 관할 보건소로 통보하는 과정이 전산화되어 있지 않고 공문 발송과 유선 연락을 이용하고 있었습니다. 당시 의료기관에서 신고 대상 감염병 확진자가 발생할 경우에는 의료기관에서 전산화된 확진자 신고 시스템을 이용하게 되어있었는데, 검역단계 유증상자 통보 절차는 전산화되어 있지 않아 보건소에 전달이 늦어지는 경우도 발생하고, 유증상자 파악 시 필요한 서류도 통일되지 않아 확진자 파악 및 관리 시스템 입력 등 행정 처리 소요시간이 길어지는 문제가 발생하였습니다. 이 문제를 해결하기 위해 먼저 검역단계 입국자 관리를 위한 전산 시스템과 의료기관과 보건소의 신고시스템 체계 파악이 필요했습니다. 저는 먼저 의료기관과 보건소의 신고시스템의 전산 체계를 이해기가 위해 해당 법률을 확인하고, 제가 담당하고 있던 검역정보시스템과 어떤 점이 다른지 확인하였습니다. 검역법과 감염병예방법을 근거로 하는 두 시스템은 근거 법률도 달랐으며, 목적도 달라서 이 문제를 해결하기 위해서는 근거 법도 개정이 필요했습니다. 각 감염병 대응업무를 하는 부서에서는 효율적이고 체계적으로 감염병 확진자 관리를 위해 빨리 전산화를 요청하는 상황이었고, 전산시스템을 담당하는 부서에서는 근거 법률이 부족하여 시스템 개발을 할 수 없다고 하고 있었습니다. 게다가 현장에서 근무 중인 국립검역소에서는 업무 수행 근거 법률적으로 문제가 없기 때문에 개선의 필요성을 느끼지 못하여 중간에서 사업 관리자로써 난감한 상황이였습니다. 세 부서의 요청 사항을 잘 조율하여 최대한 신속하게 해결하기 위해 방안을 찾던 중 기존에 의료기관에서 보건소에 신고시 사용하고 있는 신고시스템을 국립검역소에서 활용하는 방안을 생각했으나, 관련 법률에 따라 국립검역소는 보건소에 감염병 환자 발생시 신고 의무가 있는 기관이 아니며, 의사가 확진자 발생시 신고를 하게 되어있으나 국립검역소는 의료기관이 아니라서 의사가 상주하지 않아 확진자 신고 시스템을 국립검역소에서 사용하는 것은 맞지 않았습니다. 감염병 대응 시 효율적으로 업무를 하기 위해 법률 개정 이전 대안을 마련이 필요하였고 당시 법률에 따라 국립검역소에서 보건소로 통보를 할 수 있는 것을 활용하여 “확진자 통보 시스템”을 만들어 달라고 전산시스템 담당 부서에 요청하였습니다. 감염병 확진자 발생시 의료기관에서 이용하고 있는 신고 서식을 최대한 따르면서 신고 의사 부분을 국립검역소 소장으로 하는 등 최대한 유관부서들의 의견을 통합하여 통보를 위한 서식을 수정하고, 전산 시스템 구축을 하였습니다. 이후 전국 국립검역소에 사용설명서와 업무 체계를 설명하는 회의를 진행하고 안내하였습니다. | JT12: 저의 강점은 다양한 이해관계자들과 원활하게 소통하며, 새로운 환경에서도 두려워하지 않고 차분히 준비하하고 도전하는 태도입니다. 저는 대학교 시절 초등학생부터 고등학생들까지 대상으로 봉사 활동을 하였고, 노인복지학을 복수전공하면서 노인병원에서 어르신들을 대상으로 프로그램을 기획하고 운영한 경험이 있습니다. 그리고 감염병 검역 대응 업무를 하면서 의료인, 검역관 등 관련 담당자들과 함께 대응 업무를 수행하였습니다. 또 국제공인예방접종 사업관리 업무를 하면서는 각 병원의 담당자들과 제약 업체 담당자와 중간 역할을 하며 사업 관리를 하였습니다. 최근에는 선박위생증명서 발급 개선 방안을 마련하면서 일본, 중국 등 주요 국가들 담당자와 컨택하기 위해 직접 대사관에 연락하고 담당자를 찾고, 영상으로 국제 회의를 진행하며 자료를 조사한 경험도 있습니다. 이 과정에서 다양한 연령과 배경의 사람들과 소통하고 공감하며 신뢰를 얻는 법을 익혔습니다. 보건산업진흥지원 업무에서는 보건산업을 지원하기 위해 국내외 현황을 조사하고 정책과 사업을 기획 및 운영하며, 새로운 이슈에 유연하게 대응하는 태도가 중요하다고 생각합니다. 저는 이러한 경험을 통해 습득한 관계자들과의 협력과 대응 능력은 실무 수행에서 큰 자산이 될 수 있다고 생각합니다. 저는 전공과 감염병 검역 대응, 국제공인방접종 사업 관리 등 업무를 통해 쌓아온 경험을 바탕으로 전문적이며 신속하게 업무를 수행할 수 있습니다. 한편 저는 공공기관에서만 경력을 쌓아 민간 기업에 대한 경험은 다소 부족할 수 있습니다. 그러나 이를 보완하기 위해 다양한 제악 업체, 의료기관 종사자 등 관계자들과 협업을 확대해왔으며, 관련 정책과 기업 동향에 대한 꾸준한 학습을 통해 시야를 넓혀가고 있습니다. 앞으로도 보건산업의 변화에 발맞춰 정책 동향, 글로벌 이슈보고서등을 참고하여 업무에 필요한 정보를 습득하고 지속적으로 자기개발에 노력하여 한국보건산업진흥원에서 전문성있는 구성원으로 성장하겠습니다.
... A43: 0005-001293 | B43: 심형준 | C43: 1지망 : 보건의료연구개발 사업관리A-정규직-전문직/연구원-오송 | D43: 05_보건의료연구개발 사업관리A-정규직-전문직/연구원-오송 | E43: 1 | F43: 2025.07.31 | G43: 제출완료 | H43: 2025.07.31 | I43: Shim Hyungjoon | J43: swoody02@naver.com | K43: 010-2566-7760 | L43: 010-2293-3351 | M43: 해당없음 | N43: 해당없음 | O43: 군필 | P43: 2016.02 | Q43: 2018.02 | R43: 만기제대 | S43: 병장 | T43: - | U43: - | V43: - | W43: - | X43: - | Y43: - | Z43: - | AA43: - | AB43: - | AC43: - | AD43: - | AE43: - | AF43: - | AG43: - | AH43: - | AI43: - | AJ43: - | AK43: - | AL43: - | AM43: - | AN43: - | AO43: - | AP43: - | AQ43: - | AR43: - | AS43: - | AT43: - | AU43: 2년2개월 | AV43: 계약직 | AW43: 한국보건산업진흥원 | AX43: 1년 | AY43: 2024.07.15 | AZ43: 재직중 | BA43: 첨단바이오기술RnD단 식의약RnD팀 | BB43: 연구원 | BC43: 식약처 출연연구개발사업 기획·평가·관리 및 식의약 안전기술 기술수준평가 관리 | BD43: 재직중 | BE43: 계약직 | BF43: 식품의약품안전평가원 | BG43: 7개월 | BH43: 2023.11.20 | BI43: 2024.07.11 | BJ43: 기획조정과 | BK43: 시험연구원 | BL43: 식약처 출연연구개발사업 기획·평가·관리 대행업무 및 식약처 출연연구개발사업 관리 | BM43: 이직 | BN43: 공공기관 청년인턴(체험형,채용형) | BO43: 한국보건산업진흥원 | BP43: 6개월 | BQ43: 2022.07.01 | BR43: 2022.12.31 | BS43: 첨단바이오기술RnD단 식의약RnD센터 | BT43: 청년인턴 | BU43: 식약처 출연연구개발사업 관리 | BV43: 계약기간 만료 | BW43: - | BX43: - | BY43: - | BZ43: - | CA43: - | CB43: - | CC43: - | CD43: - | CE43: - | CF43: - | CG43: - | CH43: - | CI43: - | CJ43: - | CK43: - | CL43: - | CM43: - | CN43: - | CO43: - | CP43: - | CQ43: - | CR43: - | CS43: - | CT43: - | CU43: - | CV43: - | CW43: - | CX43: - | CY43: - | CZ43: - | DA43: - | DB43: - | DC43: - | DD43: - | DE43: - | DF43: - | DG43: - | DH43: - | DI43: - | DJ43: - | DK43: - | DL43: - | DM43: - | DN43: - | DO43: - | DP43: - | DQ43: - | DR43: - | DS43: - | DT43: - | DU43: - | DV43: - | DW43: - | DX43: - | DY43: - | DZ43: - | EA43: - | EB43: - | EC43: - | ED43: - | EE43: - | EF43: - | EG43: - | EH43: - | EI43: - | EJ43: - | EK43: TOEIC(2년이상 직접등록) | EL43: 770.0 | EM43: 2023.05.14 | EN43: 127389 | EO43: - | EP43: - | EQ43: - | ER43: - | ES43: - | ET43: - | EU43: - | EV43: - | EW43: - | EX43: - | EY43: - | EZ43: - | FA43: - | FB43: - | FC43: - | FD43: - | FE43: - | FF43: - | FG43: - | FH43: - | FI43: 2 | FJ43: ITQ한글엑셀 A등급 | FK43: 한국생산성본부 | FL43: A001-2005109-011014 | FM43: 2006.10.12 | FN43: 워드프로세서1급 | FO43: 대한상공회의소 자격평가사업단 | FP43: 04-I9-120025 | FQ43: 2004.12.24 | FR43: 보건의료연구개발 사업관리A - 15학점 | FS43: 경영윤리 | FT43: 보건의료연구개발 사업관리A | FU43: - | FV43: - | FW43: - | FX43: 관리자로써 업무를 수행함에 있어 준수해야 하는 기본 윤리 및 여러 경영 사례를 통해 다양한 상황에서의 경영윤리에 대한 고찰 | FY43: 3 | FZ43: - | GA43: - | GB43: 기업경영분석 | GC43: 보건의료연구개발 사업관리A | GD43: - | GE43: - | GF43: - | GG43: 여러분야의 시장과 산업에 대한 이해 및 해당 분야의 기업의 경영상황에 대한 분석 | GH43: 3 | GI43: - | GJ43: - | GK43: 벤처창업과 가치평가 | GL43: 보건의료연구개발 사업관리A | GM43: - | GN43: - | GO43: - | GP43: 벤처기업에 대한 이해 및 벤처기업의 진행 사업 및 보유·연구개발 중인 신기술에 대한 이해 및 가치평가 | GQ43: 3 | GR43: - | GS43: - | GT43: 경제학의 이해 | GU43: 보건의료연구개발 사업관리A | GV43: - | GW43: - | GX43: - | GY43: 경제학에 대한 기초 이론 및 다양한 상황에서의 이론 적용을 통한 경제적 흐름 학습 | GZ43: 3 | HA43: - | HB43: - | HC43: 생활속의 통계 | HD43: 보건의료연구개발 사업관리A | HE43: - | HF43: - | HG43: - | HH43: 통계학 기초 이론 및 다양한 실사례에서의 이론 적용을 통한 통계학에 대한 이해도 향상 | HI43: 3 | HJ43: - | HK43: - | HL43: - | HM43: - | HN43: - | HO43: - | HP43: - | HQ43: - | HR43: - | HS43: - | HT43: - | HU43: - | HV43: - | HW43: - | HX43: - | HY43: - | HZ43: - | IA43: - | IB43: - | IC43: - | ID43: - | IE43: - | IF43: - | IG43: - | IH43: - | II43: - | IJ43: - | IK43: - | IL43: - | IM43: - | IN43: - | IO43: - | IP43: - | IQ43: - | IR43: - | IS43: - | IT43: - | IU43: - | IV43: - | IW43: - | IX43: - | IY43: - | IZ43: - | JA43: - | JB43: 1459 | JC43: 1206 | JD43: 1391 | JE43: 1378 | JF43: 0628 | JG43: 비해당 | JH43: 비해당 | JI43: 비해당 | JJ43: 비해당 | JK43: 비해당 | JL43: 해당(전북) | JM43: 비해당 | JN43: 해당 | JO43: 해당 | JP43: 비해당 | JQ43: 제가 이번 채용공고에서 지원한 직무는 "보건의료연구개발 사업관리"로, 해당 직무는 국내 보건산업 육성 및 글로벌 경쟁력 제고를 위해 다양한 분야에서의 새로운 보건의료 기술이 개발될 수 있도록 신규 연구개발사업을 기획하고 또 연구자들이 온전히 연구에 집중하여 우수한 성과를 창출할 수 있도록 지원하는 것, 그리고 연구에서 도출된 성과들이 실제로 해당 분야에서 활용되어 국내 보건의료 산업의 경쟁력을 강화할 수 있도록 발생 성과를 홍보 등의 방법으로 관리하는 것이 제일 중요한 내용이라고 생각합니다. 이를 위해 필요한 역량으로는 사회적으로 시급한 분야의 보건의료 기술이 개발될 수 있도록 필요 분야를 선정해 해당 분야의 연구사업을 기획할 수 있는 "기획 역량"이 필요하다고 생각합니다. 또한, 기획된 신규사업에서 기술 개발을 위한 연구가 원활히 진행될 수 있도록 사업을 관리하고 연구자의 애로사항 및 문의사항에 대응하여 우수성과를 창출할 수 있도록 하는 "관리 역량"도 매우 중요하게 작용할 것이라고 생각합니다. 저는 한국보건산업진흥원 식의약R&D센터에서 약 반년간 청년인턴으로 근무하며 식약처 출연연구개발사업을 관리하였고, 이를 통해 국가연구개발사업이란 무엇이며 이를 국가연구개발혁신법과 규정에 의거하여 어떻게 평가하고 관리하는지를 학습했습니다. 이후, 식품의약품안전평가원 기획조정과에서 근무하면서 식약처 출연연구개발사업의 예산 대응 및 각 사업 관련 시행계획 수립 등을 지원하였고, 이를 통해 전문기관-연구자 간의 다양한 업무를 통한 연구개발사업 관리뿐만이 아닌 부처 차원에서 국가연구개발사업이 어떻게 관리되는지 또한 경험할 수 있었습니다. 이후, 현재 한국보건산업진흥원 식의약R&D팀에서 근무하면서 앞선 경험들을 통해 학습한 내용들을 활용하여 식약처 출연연구개발사업 기획·평가·관리 업무를 수행하고 있으며, 식의약 안전기술의 수준 파악 해외국가와의 기술수준격차를 확인하기 위한 "식의약 안전기술 기술수준평가"를 도맡아 관리하고 있습니다. 더욱이, R&D 관리를 업무별로 여러 팀에서 나누어서 관리하고 있는 보건산업진흥원의 보건의료R&D와 달리, 식의약R&D는 한 팀에서 R&D 전주기에 해당하는 업무를 도맡아 관리하고 있기 때문에 국가연구개발사업 전주기 업무를 직접 수행하고 경험하며 직무 수행에 가장 필요한 역량 모두를 갖추었다고 생각하고 있습니다. 또한 이러한 역량들을 활용하여 실제로 보건산업진흥원에서 자체기획한 신규 식약처 출연연구개발사업의 RFP 작성 및 심의 등을 지원하였고, 지금도 해당 사업의 신규과제 도출을 위해 예산 대응 등을 진행하고 있습니다. 나아가 담당 사업에서 우수한 성과들이 도출될 수 있도록 연구자들의 애로사항을 해소하고 문의사항에 대응하며 성과 창출을 지원하였으며, 이를 통해 국가연구개발사업 중간평가에서 담당 사업이 우수 성과를 받을 수 있었습니다. 이러한 역량과 다양한 경험들을 활용한다면 보건의료연구개발 사업관리에서도 맡은 직무를 문제없이 수행할 수 있다고 생각합니다. | JR43: 한국보건산업진흥원의 역할은 보건산업이 발전하여 국제적인 경쟁력을 가질 수 있도록 이에 필요한 업무를 전문적으로 수행하고, 신규 분야의 산업이 잘 육성될 수 있도록 도전적으로 임하며, 이렇게 육성된 보건산업을 국민들이 잘 체감하고 만족할 수 있도록 소통하여 궁극적으로 국민들이 국내 보건의료 산업을 신뢰할 수 있도록 하는 것이라고 생각합니다. 이러한 보건산업진흥원의 역할과 가치를 지키며 업무를 수행하기 위해서 가장 필요한 직업윤리로는 "정직함"과 "공정성"이 가장 중요하다고 생각합니다. 국가의 재원을 활용해 발전이 필수적인 보건의료 분야에 지원하는 것이기에, 개인적이거나 특정 조직의 사적인 이익이 개입되지 않도록 하기 위해 "정직함"이 필수적인 직업윤리라고 생각합니다. 그리고, 연구개발사업을 관리함에 있어 신규과제의 수행기관 선정 등에서 연구자들이 전문기관의 업무 수행을, 나아가 국민들이 한국보건산업진흥원을 신뢰할 수 있도록 하기 위해서는 업무 수행에 있어 항상 "공정성"을 준수하며 임할 수 있도록 자각하는 것 또한 매우 중요할 것이라고 생각합니다. 저는 이중에서도 전문기관에서 업무를 수행하는 사람으로써 연구자나 연구기관이 저의 업무 수행이 규정과 절차에 맞게 진행되는 것이라는 신뢰를 주는 것을 매우 중요한 가치로 생각하였고, 지금도 항상 업무를 수행하면서 이를 준수할 수 있도록 노력하며 근무하고 있습니다. 이러한 신뢰를 연구자들에게 주기 위해서는 역설적으로 제가 규정이 무엇이고 절차가 어떻게 진행되는 것인지 완벽하게 숙지해야 한다고 저는 생각합니다. 이를 위해 국가연구개발사업 관리에 기본이 되는 "국가연구개발혁신법", 그리고 식약처 연구개발사업 관리를 위한 "규제과학혁신법"과 하위 운영규정 등을 지속적으로 찾아보며 연구자들이 연구 수행 중에 있어 필요하거나 궁금한 사항 등에 대해 문의할 시 즉각적으로 대응이 가능하도록 노력하고 있습니다. 또한 법과 규정만으로 판단이 어려운 특수한 상황, 그리고 새로이 발생한 상황에서 담당자가 어떻게 대응해야 하는지를 위해 다양한 사례들을 참고하고, 또 앞으로 동일한 상황이 발생했을 때에는 어떻게 처리해야하는지를 위해 절차를 수립하고 개선했던 경험들이 있습니다. 저는 앞으로도 제가 한국보건산업진흥원의 역할, 나아가 보건의료연구개발 사업관리라는 직무 수행에 있어 가장 중요하다고 생각하는 직업윤리인 "정직함"과 "공정성"을 계속하여 준수할 수 있도록 지금까지의 노력들을 계속하여 수행할 것입니다. | JS43: 제가 담당하고 있는 식약처 출연연구개발사업 내 신규사업 중에는 '다부처 협업사업'으로 분류되는 사업이 있습니다. 다부처 협업사업이라 함은 보건복지부나 식약처 뿐만이 아닌 다양한 부처에서 현재 수행하고 있는 국가연구개발사업 중 동일하거나 비슷한 분야의 사업 간 소통 및 교류 등의 협업을 통해 보다 우수한 성과를 창출할 수 있도록 하는 것입니다. 다만, 해당 사업을 진행하는 도중 식약처의 사업 담당 주관부서와 연구자 간 갈등이 발생하는 상황들이 많았습니다. 식약처의 연구개발사업에는 식약처가 지정한 방법으로 수행하여 필요한 결과물을 도출되게 하는 "고유사업"과, 반대로 연구자가 RFP에 맞게 연구방법 및 내용 등을 제시하여 연구자가 자율적으로 연구 수행을 통해 성과를 창출하는 "출연사업"이 있습니다. 제가 담당하고 있는 사업은 출연사업이기에 선정 시 연구자가 제시한 연구내용과 연구 방향에 맞게 연구가 수행되는 것이 맞지만, 주관부서에서 출연연구개발사업 관리가 처음이기에 이를 고유사업과 혼동하시어 부서에서 필요한 성과가 도출될 수 있도록, 부서에서 원하는 방향으로 연구를 진행해야 한다고 의견을 피력하거나, 연구자들에게 주기적으로 연구 진행상황을 보고하라고 말씀하시는 사례들이 있었습니다. 이에 연구자들은 일반적인 출연연구개발사업과 다른 방식에 당황하고, 또 본인들이 제시한 연구내용 및 방향과 차이가 있기에 난감해하며 갈등이 심화되고 있는 상황이 있었습니다. 저는 해당 사업이 다부처 협업사업이기 때문에, 해당 사업에서 연구가 제대로 수행되지 못하고 이로 인해 성과가 도출되지 못한다면 본 사업뿐만이 아닌 다른 연구개발사업에도 지장을 초래할 수 있기에, 해당 상황을 초기에 해소해야 한다고 판단했습니다. 그렇기에 중간에서 부처 및 연구자와의 지속적인 소통을 통해 갈등의 해소를 위해 노력하였습니다. 부처의 담당자께는 해당 사업이 식약처의 고유사업과는 근거가 되는 법이 다른 출연사업이고, 그렇기 때문에 고유사업과는 달리 연구자의 자율성 보장을 우선으로 하는 국가연구개발혁신법의 취지에 입각하여 해당 사업을 관리해야 함을 계속하여 설명드렸습니다. 또한, 연구자에게도 해당 상황에 대해 전문기관의 입장을 설명하면서, 연구자들이 곤란해하지 않도록 설명하며 연구에 보다 집중할 수 있도록 안내하였습니다. 다행히 부처의 주관부서 담당자께서도 이내 두 사업의 다른 특성을 이해해주셨고, 이후 다부처 협의체 등에서 연구자 및 부처와 함께 소통하면서 갈등을 해소하고, 또 연구사업이 잘 수행되어 성과를 창출하고 또 이를 잘 활용할 수 있는 방안들에 대해 긍정적으로 논의할 수 있었습니다. 해당 상황이 지속적으로 유지됐다면 사업 관리에 큰 문제가 발생할 수도 있었다고 생각하지만, 다행히 연구자가 온전히 연구에 집중할 수 있도록 초기에 이를 잘 해결한 것이 다행이라고 스스로 생각하고 있습니다. | JT43: 제가 가지고 있는 강점은 "도전 정신"과 "경험"이라고 생각하며, 한국보건산업진흥원에 입사 후에도 이를 통해 지금보다 더욱 발전하고 성장할 수 있을 것이라 자신하고 있습니다. 제가 지원한 직무는 보건의료연구개발 사업관리이고, 현재 보건산업진흥원에서는 보건의료R&D를 기획, 공고 및 선정, 사업 관리, 성과 관리 등으로 각 업무별로 나누어 여러 팀에서 관리하고 있습니다. 이와 달리, 식의약R&D는 식의약R&D팀 한 팀에서 기획부터 평가, 그리고 관리까지 국가연구개발사업 전주기 업무를 도맡아 수행하고 있습니다. 저는 식의약R&D팀에서 과거 인턴으로써, 그리고 현재 계약직으로 근무하면서 식약처 출연연구개발사업 관리에 있어 전주기에 해당되는 업무를 수행한 경험이 있습니다. 그렇기에 본 직무에서 어떠한 업무를 담당하게 되더라도 맡은 바를 원활히, 그리고 성실히 수행할 수 있을 것이라 생각하기 때문에 경험이 저의 큰 강점이라고 생각합니다. 또한 저는 본래 경영 관련 전공이기에 보건의료 관련 업무, 그리고 규제과학 관련 업무에 대한 지식 등이 많이 부족하였습니다. 그럼에도 제가 배웠던 분야와 다른 분야의 업무라고 회피하고 포기하는 것이 아닌, 제가 더 노력하면 문제없이 업무를 수행할 수 있을 것이라는 도전 정신을 가지고 업무를 수행하고 있습니다. 또한 부족한 부분을 보완할 수 있도록 꾸준히 업무에 필요한 법과 규정, 그리고 업무 절차 등을 숙지하면서 스스로의 전문성을 강화할 수 있도록 노력하고 있습니다. 제가 지원한 보건의료 분야의 R&D는 식의약 R&D와는 다소 지원하는 연구 분야도 다르고, 그렇기에 업무 수행에 있어서도 다소 차이가 있을 수 있다고 생각합니다. 그럼에도 새로운 업무를, 또 연구개발사업관리 이외의 업무를 수행하게 되더라도 그 업무에 맞는 지식, 그리고 규정과 절차들을 여태까지 해왔듯이 지속적으로 숙지하면서 문제없이 제 몫을 다할 수 있게 꾸준히 노력할 것입니다. 그럼에도 담당하여 관리하게 될 보건의료R&D 분야에 대한 전문지식이 다소 부족하다는 것은 제 약점일 것이라 생각됩니다. 국가연구개발사업을 관리함에 있어 담당 사업에 대한 전문지식이 없다고 하여 업무를 수행하지 못하는 것은 아니지만, 담당 사업 분야에 대한 현황 및 내용 등을 파악한다면 성과 창출을 위한 사업관리에 도움이 되는 부분도 있기 때문입니다. 저는 이를 보완하기 위해 현재도 제가 담당하고 있는 연구개발사업 분야의 국내외 동향이 어떠한지, 그리고 그 분야의 산업이 어떠한 식으로 발전하고 있는지 등을 꾸준히 학습하고 있습니다. 또한, 직무관련 혹은 보건의료 분야 관련 사내·외 교육도 틈틈히 이수하고 있으며 앞으로도 이수할 계획이며, 나아가 학위 취득 등의 방법을 통해 개인 업무 역량을 강화하고 이를 통해 약점을 보완할 수 있도록 지속적으로 노력할 것입니다.

Sheet 논문실적
A1: 연번 | B1: 수험번호 | C1: 이름 | D1: 지원분야 : 1지망 | E1: 지원분야(관리용) | F1: 연구실적(학술지 게재1) - 게재구분 | G1: 연구실적(학술지 게재1) - 논문구분 | H1: 연구실적(학술지 게재1) - 논문제목 | I1: 연구실적(학술지 게재1) - 게재지명 | J1: 연구실적(학술지 게재1) - 역할 | K1: 연구실적(학술지 게재1) - 게재일자 | L1: 연구실적(학술지 게재1) - 저자순위 | M1: 연구실적(학술지 게재1) - 발행기관 | N1: 연구실적(학술지 게재1) - ISSN 번호 | P1: 인정여부 (1 : 인정 / 0 : 불인정) | Q1: 비고 | R1: 건수 | S1: 배점 (10/8/6)
A2: 1 | B2: 0005-000013 | C2: 이소영 | D2: 1지망 : 경영지원-정규직-전문직/연구원-오송 | E2: 01_경영지원-정규직-전문직/연구원-오송 | F2: 기재사항 없음 | G2: 기재사항 없음 | H2: 기재사항 없음 | I2: 기재사항 없음 | J2: 기재사항 없음 | K2: 기재사항 없음 | L2: 기재사항 없음 | M2: 기재사항 없음 | N2: 기재사항 없음 | P2: 0 | R2: =COUNTIFS(B:B,B2,P:P,1) -> 0 | S2: =IF(R2>=3,10,IF(R2>=2,8,IF(R2>=1,6,0))) -> 0
A3: =IF(B3=B2,A2,A2+1) -> 2 | B3: 0005-000018 | C3: 손승비 | D3: 1지망 : 경영지원-정규직-전문직/연구원-오송 | E3: 01_경영지원-정규직-전문직/연구원-오송 | F3: 기재사항 없음 | G3: 기재사항 없음 | H3: 기재사항 없음 | I3: 기재사항 없음 | J3: 기재사항 없음 | K3: 기재사항 없음 | L3: 기재사항 없음 | M3: 기재사항 없음 | N3: 기재사항 없음 | P3: 0 | R3: =COUNTIFS(B:B,B3,P:P,1) -> 0 | S3: =IF(R3>=3,10,IF(R3>=2,8,IF(R3>=1,6,0))) -> 0
A4: =IF(B4=B3,A3,A3+1) -> 3 | B4: 0005-000020 | C4: 고혜원 | D4: 1지망 : 경영지원-정규직-전문직/연구원-오송 | E4: 01_경영지원-정규직-전문직/연구원-오송 | F4: 기재사항 없음 | G4: 기재사항 없음 | H4: 기재사항 없음 | I4: 기재사항 없음 | J4: 기재사항 없음 | K4: 기재사항 없음 | L4: 기재사항 없음 | M4: 기재사항 없음 | N4: 기재사항 없음 | P4: 0 | R4: =COUNTIFS(B:B,B4,P:P,1) -> 0 | S4: =IF(R4>=3,10,IF(R4>=2,8,IF(R4>=1,6,0))) -> 0
A5: =IF(B5=B4,A4,A4+1) -> 4 | B5: 0005-000030 | C5: 김지연 | D5: 1지망 : 경영지원-정규직-전문직/연구원-오송 | E5: 01_경영지원-정규직-전문직/연구원-오송 | F5: 기재사항 없음 | G5: 기재사항 없음 | H5: 기재사항 없음 | I5: 기재사항 없음 | J5: 기재사항 없음 | K5: 기재사항 없음 | L5: 기재사항 없음 | M5: 기재사항 없음 | N5: 기재사항 없음 | P5: 0 | R5: =COUNTIFS(B:B,B5,P:P,1) -> 0 | S5: =IF(R5>=3,10,IF(R5>=2,8,IF(R5>=1,6,0))) -> 0
A6: =IF(B6=B5,A5,A5+1) -> 5 | B6: 0005-000044 | C6: 황은지 | D6: 1지망 : 경영지원-정규직-전문직/연구원-오송 | E6: 01_경영지원-정규직-전문직/연구원-오송 | F6: 기재사항 없음 | G6: 기재사항 없음 | H6: 기재사항 없음 | I6: 기재사항 없음 | J6: 기재사항 없음 | K6: 기재사항 없음 | L6: 기재사항 없음 | M6: 기재사항 없음 | N6: 기재사항 없음 | P6: 0 | R6: =COUNTIFS(B:B,B6,P:P,1) -> 0 | S6: =IF(R6>=3,10,IF(R6>=2,8,IF(R6>=1,6,0))) -> 0
A7: =IF(B7=B6,A6,A6+1) -> 6 | B7: 0005-000049 | C7: 조은경 | D7: 1지망 : 경영지원-정규직-전문직/연구원-오송 | E7: 01_경영지원-정규직-전문직/연구원-오송 | F7: 기재사항 없음 | G7: 기재사항 없음 | H7: 기재사항 없음 | I7: 기재사항 없음 | J7: 기재사항 없음 | K7: 기재사항 없음 | L7: 기재사항 없음 | M7: 기재사항 없음 | N7: 기재사항 없음 | P7: 0 | R7: =COUNTIFS(B:B,B7,P:P,1) -> 0 | S7: =IF(R7>=3,10,IF(R7>=2,8,IF(R7>=1,6,0))) -> 0
A8: =IF(B8=B7,A7,A7+1) -> 7 | B8: 0005-000113 | C8: 이아름 | D8: 1지망 : 경영지원-정규직-전문직/연구원-오송 | E8: 01_경영지원-정규직-전문직/연구원-오송 | F8: 기재사항 없음 | G8: 기재사항 없음 | H8: 기재사항 없음 | I8: 기재사항 없음 | J8: 기재사항 없음 | K8: 기재사항 없음 | L8: 기재사항 없음 | M8: 기재사항 없음 | N8: 기재사항 없음 | P8: 0 | R8: =COUNTIFS(B:B,B8,P:P,1) -> 0 | S8: =IF(R8>=3,10,IF(R8>=2,8,IF(R8>=1,6,0))) -> 0
A9: =IF(B9=B8,A8,A8+1) -> 8 | B9: 0005-000119 | C9: 원창호 | D9: 1지망 : 경영지원-정규직-전문직/연구원-오송 | E9: 01_경영지원-정규직-전문직/연구원-오송 | F9: 기재사항 없음 | G9: 기재사항 없음 | H9: 기재사항 없음 | I9: 기재사항 없음 | J9: 기재사항 없음 | K9: 기재사항 없음 | L9: 기재사항 없음 | M9: 기재사항 없음 | N9: 기재사항 없음 | P9: 0 | R9: =COUNTIFS(B:B,B9,P:P,1) -> 0 | S9: =IF(R9>=3,10,IF(R9>=2,8,IF(R9>=1,6,0))) -> 0
A10: =IF(B10=B9,A9,A9+1) -> 9 | B10: 0005-000140 | C10: 박은주 | D10: 1지망 : 경영지원-정규직-전문직/연구원-오송 | E10: 01_경영지원-정규직-전문직/연구원-오송 | F10: 기재사항 없음 | G10: 기재사항 없음 | H10: 기재사항 없음 | I10: 기재사항 없음 | J10: 기재사항 없음 | K10: 기재사항 없음 | L10: 기재사항 없음 | M10: 기재사항 없음 | N10: 기재사항 없음 | P10: 0 | R10: =COUNTIFS(B:B,B10,P:P,1) -> 0 | S10: =IF(R10>=3,10,IF(R10>=2,8,IF(R10>=1,6,0))) -> 0
A11: =IF(B11=B10,A10,A10+1) -> 10 | B11: 0005-000151 | C11: 이원동 | D11: 1지망 : 경영지원-정규직-전문직/연구원-오송 | E11: 01_경영지원-정규직-전문직/연구원-오송 | F11: 기재사항 없음 | G11: 기재사항 없음 | H11: 기재사항 없음 | I11: 기재사항 없음 | J11: 기재사항 없음 | K11: 기재사항 없음 | L11: 기재사항 없음 | M11: 기재사항 없음 | N11: 기재사항 없음 | P11: 0 | R11: =COUNTIFS(B:B,B11,P:P,1) -> 0 | S11: =IF(R11>=3,10,IF(R11>=2,8,IF(R11>=1,6,0))) -> 0
A12: =IF(B12=B11,A11,A11+1) -> 11 | B12: 0005-000157 | C12: 전지윤 | D12: 1지망 : 경영지원-정규직-전문직/연구원-오송 | E12: 01_경영지원-정규직-전문직/연구원-오송 | F12: 기재사항 없음 | G12: 기재사항 없음 | H12: 기재사항 없음 | I12: 기재사항 없음 | J12: 기재사항 없음 | K12: 기재사항 없음 | L12: 기재사항 없음 | M12: 기재사항 없음 | N12: 기재사항 없음 | P12: 0 | R12: =COUNTIFS(B:B,B12,P:P,1) -> 0 | S12: =IF(R12>=3,10,IF(R12>=2,8,IF(R12>=1,6,0))) -> 0
A13: =IF(B13=B12,A12,A12+1) -> 12 | B13: 0005-000188 | C13: 최형규 | D13: 1지망 : 경영지원-정규직-전문직/연구원-오송 | E13: 01_경영지원-정규직-전문직/연구원-오송 | F13: 기재사항 없음 | G13: 기재사항 없음 | H13: 기재사항 없음 | I13: 기재사항 없음 | J13: 기재사항 없음 | K13: 기재사항 없음 | L13: 기재사항 없음 | M13: 기재사항 없음 | N13: 기재사항 없음 | P13: 0 | R13: =COUNTIFS(B:B,B13,P:P,1) -> 0 | S13: =IF(R13>=3,10,IF(R13>=2,8,IF(R13>=1,6,0))) -> 0
A14: =IF(B14=B13,A13,A13+1) -> 13 | B14: 0005-000199 | C14: 임하영 | D14: 1지망 : 경영지원-정규직-전문직/연구원-오송 | E14: 01_경영지원-정규직-전문직/연구원-오송 | F14: 기재사항 없음 | G14: 기재사항 없음 | H14: 기재사항 없음 | I14: 기재사항 없음 | J14: 기재사항 없음 | K14: 기재사항 없음 | L14: 기재사항 없음 | M14: 기재사항 없음 | N14: 기재사항 없음 | P14: 0 | R14: =COUNTIFS(B:B,B14,P:P,1) -> 0 | S14: =IF(R14>=3,10,IF(R14>=2,8,IF(R14>=1,6,0))) -> 0
... A236: =IF(B236=B235,A235,A235+1) -> 233 | B236: 0005-000011 | C236: 최지호 | D236: 1지망 : 보건산업진흥지원-정규직-전문직/연구원-오송 | E236: 03_보건산업진흥지원-정규직-전문직/연구원-오송 | F236: 기재사항 없음 | G236: 기재사항 없음 | H236: 기재사항 없음 | I236: 기재사항 없음 | J236: 기재사항 없음 | K236: 기재사항 없음 | L236: 기재사항 없음 | M236: 기재사항 없음 | N236: 기재사항 없음 | P236: 0 | R236: =COUNTIFS(B:B,B236,P:P,1) -> 0 | S236: =IF(R236>=3,10,IF(R236>=2,8,IF(R236>=1,6,0))) -> 0
A237: =IF(B237=B236,A236,A236+1) -> 234 | B237: 0005-000017 | C237: 조수현 | D237: 1지망 : 보건산업진흥지원-정규직-전문직/연구원-오송 | E237: 03_보건산업진흥지원-정규직-전문직/연구원-오송 | F237: 제출 | G237: 국내 등재후보학술지 | H237: 개인별 목표 설정과 스마트폰 기반 영양상담이 과체중 및 비만 시내버스 운전자의 식습관 개선과 체중감소에 미치는 효과 | I237: 생활과학연구논총, vol.25, no.2, pp.207-218(12pages), 2021 | J237: 주저자 | K237: 2021.02.25 | L237: (1/6) | M237: 충북대학교 생활과학연구소 | N237: 1738544X | P237: 0 | Q237: 게재구분 : 제출 | R237: =COUNTIFS(B:B,B237,P:P,1) -> 0 | S237: =IF(R237>=3,10,IF(R237>=2,8,IF(R237>=1,6,0))) -> 0
A238: =IF(B238=B237,A237,A237+1) -> 235 | B238: 0005-000026 | C238: 이보연 | D238: 1지망 : 보건산업진흥지원-정규직-전문직/연구원-오송 | E238: 03_보건산업진흥지원-정규직-전문직/연구원-오송 | F238: 기재사항 없음 | G238: 기재사항 없음 | H238: 기재사항 없음 | I238: 기재사항 없음 | J238: 기재사항 없음 | K238: 기재사항 없음 | L238: 기재사항 없음 | M238: 기재사항 없음 | N238: 기재사항 없음 | P238: 0 | R238: =COUNTIFS(B:B,B238,P:P,1) -> 0 | S238: =IF(R238>=3,10,IF(R238>=2,8,IF(R238>=1,6,0))) -> 0
A239: =IF(B239=B238,A238,A238+1) -> 236 | B239: 0005-000055 | C239: 정수민 | D239: 1지망 : 보건산업진흥지원-정규직-전문직/연구원-오송 | E239: 03_보건산업진흥지원-정규직-전문직/연구원-오송 | F239: 기재사항 없음 | G239: 기재사항 없음 | H239: 기재사항 없음 | I239: 기재사항 없음 | J239: 기재사항 없음 | K239: 기재사항 없음 | L239: 기재사항 없음 | M239: 기재사항 없음 | N239: 기재사항 없음 | P239: 0 | R239: =COUNTIFS(B:B,B239,P:P,1) -> 0 | S239: =IF(R239>=3,10,IF(R239>=2,8,IF(R239>=1,6,0))) -> 0
A240: =IF(B240=B239,A239,A239+1) -> 237 | B240: 0005-000056 | C240: 최아연 | D240: 1지망 : 보건산업진흥지원-정규직-전문직/연구원-오송 | E240: 03_보건산업진흥지원-정규직-전문직/연구원-오송 | F240: 기재사항 없음 | G240: 기재사항 없음 | H240: 기재사항 없음 | I240: 기재사항 없음 | J240: 기재사항 없음 | K240: 기재사항 없음 | L240: 기재사항 없음 | M240: 기재사항 없음 | N240: 기재사항 없음 | P240: 0 | R240: =COUNTIFS(B:B,B240,P:P,1) -> 0 | S240: =IF(R240>=3,10,IF(R240>=2,8,IF(R240>=1,6,0))) -> 0
A241: =IF(B241=B240,A240,A240+1) -> 238 | B241: 0005-000073 | C241: 이지영 | D241: 1지망 : 보건산업진흥지원-정규직-전문직/연구원-오송 | E241: 03_보건산업진흥지원-정규직-전문직/연구원-오송 | F241: 기재사항 없음 | G241: 기재사항 없음 | H241: 기재사항 없음 | I241: 기재사항 없음 | J241: 기재사항 없음 | K241: 기재사항 없음 | L241: 기재사항 없음 | M241: 기재사항 없음 | N241: 기재사항 없음 | P241: 0 | R241: =COUNTIFS(B:B,B241,P:P,1) -> 0 | S241: =IF(R241>=3,10,IF(R241>=2,8,IF(R241>=1,6,0))) -> 0
A242: =IF(B242=B241,A241,A241+1) -> 239 | B242: 0005-000077 | C242: 김민주 | D242: 1지망 : 보건산업진흥지원-정규직-전문직/연구원-오송 | E242: 03_보건산업진흥지원-정규직-전문직/연구원-오송 | F242: 기재사항 없음 | G242: 기재사항 없음 | H242: 기재사항 없음 | I242: 기재사항 없음 | J242: 기재사항 없음 | K242: 기재사항 없음 | L242: 기재사항 없음 | M242: 기재사항 없음 | N242: 기재사항 없음 | P242: 0 | R242: =COUNTIFS(B:B,B242,P:P,1) -> 0 | S242: =IF(R242>=3,10,IF(R242>=2,8,IF(R242>=1,6,0))) -> 0
A243: =IF(B243=B242,A242,A242+1) -> 240 | B243: 0005-000079 | C243: 한유정 | D243: 1지망 : 보건산업진흥지원-정규직-전문직/연구원-오송 | E243: 03_보건산업진흥지원-정규직-전문직/연구원-오송 | F243: 기재사항 없음 | G243: 기재사항 없음 | H243: 기재사항 없음 | I243: 기재사항 없음 | J243: 기재사항 없음 | K243: 기재사항 없음 | L243: 기재사항 없음 | M243: 기재사항 없음 | N243: 기재사항 없음 | P243: 0 | R243: =COUNTIFS(B:B,B243,P:P,1) -> 0 | S243: =IF(R243>=3,10,IF(R243>=2,8,IF(R243>=1,6,0))) -> 0
A244: =IF(B244=B243,A243,A243+1) -> 241 | B244: 0005-000086 | C244: 하사롬 | D244: 1지망 : 보건산업진흥지원-정규직-전문직/연구원-오송 | E244: 03_보건산업진흥지원-정규직-전문직/연구원-오송 | F244: 제출 | G244: 석사학위논문 | H244: 말레이시아 청정생산 공정개선 컨설팅 제안 | I244: 없음 | J244: 주저자 | K244: 2016.02.09 | L244: (1/1) | M244: 서강대학교 | N244: 없음 | P244: 0 | Q244: 게재구분 : 제출 | R244: =COUNTIFS(B:B,B244,P:P,1) -> 0 | S244: =IF(R244>=3,10,IF(R244>=2,8,IF(R244>=1,6,0))) -> 0
A245: =IF(B245=B244,A244,A244+1) -> 242 | B245: 0005-000097 | C245: 최두현 | D245: 1지망 : 보건산업진흥지원-정규직-전문직/연구원-오송 | E245: 03_보건산업진흥지원-정규직-전문직/연구원-오송 | F245: 기재사항 없음 | G245: 기재사항 없음 | H245: 기재사항 없음 | I245: 기재사항 없음 | J245: 기재사항 없음 | K245: 기재사항 없음 | L245: 기재사항 없음 | M245: 기재사항 없음 | N245: 기재사항 없음 | P245: 0 | R245: =COUNTIFS(B:B,B245,P:P,1) -> 0 | S245: =IF(R245>=3,10,IF(R245>=2,8,IF(R245>=1,6,0))) -> 0
A246: =IF(B246=B245,A245,A245+1) -> 243 | B246: 0005-000114 | C246: 박성은 | D246: 1지망 : 보건산업진흥지원-정규직-전문직/연구원-오송 | E246: 03_보건산업진흥지원-정규직-전문직/연구원-오송 | F246: 기재사항 없음 | G246: 기재사항 없음 | H246: 기재사항 없음 | I246: 기재사항 없음 | J246: 기재사항 없음 | K246: 기재사항 없음 | L246: 기재사항 없음 | M246: 기재사항 없음 | N246: 기재사항 없음 | P246: 0 | R246: =COUNTIFS(B:B,B246,P:P,1) -> 0 | S246: =IF(R246>=3,10,IF(R246>=2,8,IF(R246>=1,6,0))) -> 0
A247: =IF(B247=B246,A246,A246+1) -> 244 | B247: 0005-000115 | C247: 서승교 | D247: 1지망 : 보건산업진흥지원-정규직-전문직/연구원-오송 | E247: 03_보건산업진흥지원-정규직-전문직/연구원-오송 | F247: 기재사항 없음 | G247: 기재사항 없음 | H247: 기재사항 없음 | I247: 기재사항 없음 | J247: 기재사항 없음 | K247: 기재사항 없음 | L247: 기재사항 없음 | M247: 기재사항 없음 | N247: 기재사항 없음 | P247: 0 | R247: =COUNTIFS(B:B,B247,P:P,1) -> 0 | S247: =IF(R247>=3,10,IF(R247>=2,8,IF(R247>=1,6,0))) -> 0
A248: =IF(B248=B247,A247,A247+1) -> 245 | B248: 0005-000128 | C248: 안연주 | D248: 1지망 : 보건산업진흥지원-정규직-전문직/연구원-오송 | E248: 03_보건산업진흥지원-정규직-전문직/연구원-오송 | F248: 기재사항 없음 | G248: 기재사항 없음 | H248: 기재사항 없음 | I248: 기재사항 없음 | J248: 기재사항 없음 | K248: 기재사항 없음 | L248: 기재사항 없음 | M248: 기재사항 없음 | N248: 기재사항 없음 | P248: 0 | R248: =COUNTIFS(B:B,B248,P:P,1) -> 0 | S248: =IF(R248>=3,10,IF(R248>=2,8,IF(R248>=1,6,0))) -> 0
A249: =IF(B249=B248,A248,A248+1) -> 246 | B249: 0005-000131 | C249: 안서연 | D249: 1지망 : 보건산업진흥지원-정규직-전문직/연구원-오송 | E249: 03_보건산업진흥지원-정규직-전문직/연구원-오송 | F249: 기재사항 없음 | G249: 기재사항 없음 | H249: 기재사항 없음 | I249: 기재사항 없음 | J249: 기재사항 없음 | K249: 기재사항 없음 | L249: 기재사항 없음 | M249: 기재사항 없음 | N249: 기재사항 없음 | P249: 0 | R249: =COUNTIFS(B:B,B249,P:P,1) -> 0 | S249: =IF(R249>=3,10,IF(R249>=2,8,IF(R249>=1,6,0))) -> 0
A250: =IF(B250=B249,A249,A249+1) -> 247 | B250: 0005-000149 | C250: 이영주 | D250: 1지망 : 보건산업진흥지원-정규직-전문직/연구원-오송 | E250: 03_보건산업진흥지원-정규직-전문직/연구원-오송 | F250: 게재 | G250: 국외SCIE | H250: Rapid and non-destructive spectroscopic method for classifying beef freshness using a deep spectral network fused with myoglobin information | I250: Food Chemistry, Volume 352, 129329 | J250: 공동저자 | K250: 2021.08.01 | L250: (2/6) | M250: ELSEVIER | N250: 0308-8146 | P250: 0 | Q250: 공동저자 | R250: =COUNTIFS(B:B,B250,P:P,1) -> 0 | S250: =IF(R250>=3,10,IF(R250>=2,8,IF(R250>=1,6,0))) -> 0
A251: =IF(B251=B250,A250,A250+1) -> 247 | B251: 0005-000149 | C251: 이영주 | D251: 1지망 : 보건산업진흥지원-정규직-전문직/연구원-오송 | E251: 03_보건산업진흥지원-정규직-전문직/연구원-오송 | F251: 제출 | G251: 국외SCIE | H251: Rapid identification of counterfeited beef using deep learning-aided spectroscopy: Detecting colourant and curing agent adulteration | I251: Food and Chemical Toxicology Volume 181, 114088 | J251: 공동저자 | K251: 2023.10.05 | L251: (2/5) | M251: ELSEVIER | N251: 0278-6915 | P251: 0 | Q251: 게재구분 : 제출 / 공동저자 | R251: =COUNTIFS(B:B,B251,P:P,1) -> 0 | S251: =IF(R251>=3,10,IF(R251>=2,8,IF(R251>=1,6,0))) -> 0
A252: =IF(B252=B251,A251,A251+1) -> 248 | B252: 0005-000160 | C252: 이원규 | D252: 1지망 : 보건산업진흥지원-정규직-전문직/연구원-오송 | E252: 03_보건산업진흥지원-정규직-전문직/연구원-오송 | F252: 기재사항 없음 | G252: 기재사항 없음 | H252: 기재사항 없음 | I252: 기재사항 없음 | J252: 기재사항 없음 | K252: 기재사항 없음 | L252: 기재사항 없음 | M252: 기재사항 없음 | N252: 기재사항 없음 | P252: 0 | R252: =COUNTIFS(B:B,B252,P:P,1) -> 0 | S252: =IF(R252>=3,10,IF(R252>=2,8,IF(R252>=1,6,0))) -> 0
A253: =IF(B253=B252,A252,A252+1) -> 249 | B253: 0005-000164 | C253: 최은혁 | D253: 1지망 : 보건산업진흥지원-정규직-전문직/연구원-오송 | E253: 03_보건산업진흥지원-정규직-전문직/연구원-오송 | F253: 기재사항 없음 | G253: 기재사항 없음 | H253: 기재사항 없음 | I253: 기재사항 없음 | J253: 기재사항 없음 | K253: 기재사항 없음 | L253: 기재사항 없음 | M253: 기재사항 없음 | N253: 기재사항 없음 | P253: 0 | R253: =COUNTIFS(B:B,B253,P:P,1) -> 0 | S253: =IF(R253>=3,10,IF(R253>=2,8,IF(R253>=1,6,0))) -> 0
A254: =IF(B254=B253,A253,A253+1) -> 250 | B254: 0005-000168 | C254: 이다영 | D254: 1지망 : 보건산업진흥지원-정규직-전문직/연구원-오송 | E254: 03_보건산업진흥지원-정규직-전문직/연구원-오송 | F254: 게재 | G254: 국내 등재학술지 | H254: 개방형 혁신활동의 외부 협력파트너 유형과 혁신성과 간 관계: 기업규모와 산업유형의 조절효과를 중심으로 | I254: 한국기술혁신학회지, 24(6), 1187-1217, 2021 | J254: 주저자 | K254: 2021.12.31 | L254: (1/3) | M254: 한국기술혁신학회지 | N254: 1598-2912 | P254: 1 | R254: =COUNTIFS(B:B,B254,P:P,1) -> 1 | S254: =IF(R254>=3,10,IF(R254>=2,8,IF(R254>=1,6,0))) -> 6
A255: =IF(B255=B254,A254,A254+1) -> 250 | B255: 0005-000168 | C255: 이다영 | D255: 1지망 : 보건산업진흥지원-정규직-전문직/연구원-오송 | E255: 03_보건산업진흥지원-정규직-전문직/연구원-오송 | F255: 게재 | G255: 국내 등재학술지 | H255: 개방형 혁신활동의 수준이 혁신성과에 미치는 영향: 기술보호의 매개효과를 중심으로 | I255: 기술혁신연구,29(4),31-57,2021 | J255: 공동저자 | K255: 2021.11.30 | L255: (1/3) | M255: 기술혁신연구 | N255: 1598-1347 | P255: 0 | Q255: 공동저자 | R255: =COUNTIFS(B:B,B255,P:P,1) -> 1 | S255: =IF(R255>=3,10,IF(R255>=2,8,IF(R255>=1,6,0))) -> 6
A256: =IF(B256=B255,A255,A255+1) -> 251 | B256: 0005-000169 | C256: 정경숙 | D256: 1지망 : 보건산업진흥지원-정규직-전문직/연구원-오송 | E256: 03_보건산업진흥지원-정규직-전문직/연구원-오송 | F256: 게재 | G256: SCOPUS | H256: Risk of Water and Food-Borne Communicable Diseases in Travelers Entering Korea | I256: Osong Public Health Res Perspect 2019;10(4):215−220 | J256: 주저자 | K256: 2019.06.19 | L256: (1/5) | M256: 질병관리본 | N256: 2210-9099 | P256: 1 | R256: =COUNTIFS(B:B,B256,P:P,1) -> 1 | S256: =IF(R256>=3,10,IF(R256>=2,8,IF(R256>=1,6,0))) -> 6
A257: =IF(B257=B256,A256,A256+1) -> 252 | B257: 0005-000171 | C257: 임명수 | D257: 1지망 : 보건산업진흥지원-정규직-전문직/연구원-오송 | E257: 03_보건산업진흥지원-정규직-전문직/연구원-오송 | F257: 게재 | G257: SCOPUS | H257: 원양산 어류부산물의 고부가가치 산업화를 위한 과제 | I257: 한국폐기물순환자원학회지 | J257: 주저자 | K257: 2024.08.23 | L257: (1/3) | M257: 한국폐기물순환자원학회 | N257: 2093-2332 | P257: 1 | R257: =COUNTIFS(B:B,B257,P:P,1) -> 1 | S257: =IF(R257>=3,10,IF(R257>=2,8,IF(R257>=1,6,0))) -> 6
A258: =IF(B258=B257,A257,A257+1) -> 253 | B258: 0005-000173 | C258: 김도희 | D258: 1지망 : 보건산업진흥지원-정규직-전문직/연구원-오송 | E258: 03_보건산업진흥지원-정규직-전문직/연구원-오송 | F258: 기재사항 없음 | G258: 기재사항 없음 | H258: 기재사항 없음 | I258: 기재사항 없음 | J258: 기재사항 없음 | K258: 기재사항 없음 | L258: 기재사항 없음 | M258: 기재사항 없음 | N258: 기재사항 없음 | P258: 0 | R258: =COUNTIFS(B:B,B258,P:P,1) -> 0 | S258: =IF(R258>=3,10,IF(R258>=2,8,IF(R258>=1,6,0))) -> 0
A259: =IF(B259=B258,A258,A258+1) -> 254 | B259: 0005-000181 | C259: 이모세 | D259: 1지망 : 보건산업진흥지원-정규직-전문직/연구원-오송 | E259: 03_보건산업진흥지원-정규직-전문직/연구원-오송 | F259: 기재사항 없음 | G259: 기재사항 없음 | H259: 기재사항 없음 | I259: 기재사항 없음 | J259: 기재사항 없음 | K259: 기재사항 없음 | L259: 기재사항 없음 | M259: 기재사항 없음 | N259: 기재사항 없음 | P259: 0 | R259: =COUNTIFS(B:B,B259,P:P,1) -> 0 | S259: =IF(R259>=3,10,IF(R259>=2,8,IF(R259>=1,6,0))) -> 0
A260: =IF(B260=B259,A259,A259+1) -> 255 | B260: 0005-000203 | C260: 김현아 | D260: 1지망 : 보건산업진흥지원-정규직-전문직/연구원-오송 | E260: 03_보건산업진흥지원-정규직-전문직/연구원-오송 | F260: 기재사항 없음 | G260: 기재사항 없음 | H260: 기재사항 없음 | I260: 기재사항 없음 | J260: 기재사항 없음 | K260: 기재사항 없음 | L260: 기재사항 없음 | M260: 기재사항 없음 | N260: 기재사항 없음 | P260: 0 | R260: =COUNTIFS(B:B,B260,P:P,1) -> 0 | S260: =IF(R260>=3,10,IF(R260>=2,8,IF(R260>=1,6,0))) -> 0
A261: =IF(B261=B260,A260,A260+1) -> 256 | B261: 0005-000207 | C261: 정윤희 | D261: 1지망 : 보건산업진흥지원-정규직-전문직/연구원-오송 | E261: 03_보건산업진흥지원-정규직-전문직/연구원-오송 | F261: 게재 | G261: 국내SCIE | H261: Tangeretin induces apoptosis and cell cycle arrest in thyroid cancer cells | I261: Toxicological Research, 2025 | J261: 주저자 | K261: 2025.05.13 | L261: (1/5) | M261: Springer Nature | N261: 2234-2753 | P261: 1 | R261: =COUNTIFS(B:B,B261,P:P,1) -> 1 | S261: =IF(R261>=3,10,IF(R261>=2,8,IF(R261>=1,6,0))) -> 6
A262: =IF(B262=B261,A261,A261+1) -> 257 | B262: 0005-000209 | C262: 김현선 | D262: 1지망 : 보건산업진흥지원-정규직-전문직/연구원-오송 | E262: 03_보건산업진흥지원-정규직-전문직/연구원-오송 | F262: 기재사항 없음 | G262: 기재사항 없음 | H262: 기재사항 없음 | I262: 기재사항 없음 | J262: 기재사항 없음 | K262: 기재사항 없음 | L262: 기재사항 없음 | M262: 기재사항 없음 | N262: 기재사항 없음 | P262: 0 | R262: =COUNTIFS(B:B,B262,P:P,1) -> 0 | S262: =IF(R262>=3,10,IF(R262>=2,8,IF(R262>=1,6,0))) -> 0
A263: =IF(B263=B262,A262,A262+1) -> 258 | B263: 0005-000218 | C263: 김인선 | D263: 1지망 : 보건산업진흥지원-정규직-전문직/연구원-오송 | E263: 03_보건산업진흥지원-정규직-전문직/연구원-오송 | F263: 게재 | G263: 국외SCIE | H263: Does Better Diet Quality Offset the Association between Depression and Metabolic Syndrome? | I263: Nutrients | J263: 주저자 | K263: 2023.02.20 | L263: (1/2) | M263: Nutrients | N263: 2072-6643 | P263: 1 | R263: =COUNTIFS(B:B,B263,P:P,1) -> 1 | S263: =IF(R263>=3,10,IF(R263>=2,8,IF(R263>=1,6,0))) -> 6
A264: =IF(B264=B263,A263,A263+1) -> 259 | B264: 0005-000220 | C264: 이선복 | D264: 1지망 : 보건산업진흥지원-정규직-전문직/연구원-오송 | E264: 03_보건산업진흥지원-정규직-전문직/연구원-오송 | F264: 기재사항 없음 | G264: 기재사항 없음 | H264: 기재사항 없음 | I264: 기재사항 없음 | J264: 기재사항 없음 | K264: 기재사항 없음 | L264: 기재사항 없음 | M264: 기재사항 없음 | N264: 기재사항 없음 | P264: 0 | R264: =COUNTIFS(B:B,B264,P:P,1) -> 0 | S264: =IF(R264>=3,10,IF(R264>=2,8,IF(R264>=1,6,0))) -> 0
A265: =IF(B265=B264,A264,A264+1) -> 260 | B265: 0005-000231 | C265: 권다영 | D265: 1지망 : 보건산업진흥지원-정규직-전문직/연구원-오송 | E265: 03_보건산업진흥지원-정규직-전문직/연구원-오송 | F265: 게재 | G265: 국내SCIE | H265: Near-infrared Transillumination and Photodynamic Therapy Using Hypericin in Animal Laryngeal Tumors | I265: Tissue Engineering and Regenerative Medicine Society, Volume 18, pages 941–951, (2021) | J265: 주저자 | K265: 2021.09.08 | L265: (3/8) | M265: Tissue Engineering and Regenerative Medicine Society | N265: 2212-5469 | P265: 1 | R265: =COUNTIFS(B:B,B265,P:P,1) -> 3 | S265: =IF(R265>=3,10,IF(R265>=2,8,IF(R265>=1,6,0))) -> 10
A266: =IF(B266=B265,A265,A265+1) -> 260 | B266: 0005-000231 | C266: 권다영 | D266: 1지망 : 보건산업진흥지원-정규직-전문직/연구원-오송 | E266: 03_보건산업진흥지원-정규직-전문직/연구원-오송 | F266: 게재 | G266: 국내 등재학술지 | H266: Three-dimensional Imaging with an Endoscopic Optical Coherence Tomography System for Detection of Airway Stenosis | I266: 한국광학회지, Vol.30, No.6, pp.243-248, 2019 | J266: 주저자 | K266: 2019.12.25 | L266: (1/3) | M266: 한국광학회지(Korean Journal of Optics and Photonics) | N266: 1225-6285 | P266: 1 | R266: =COUNTIFS(B:B,B266,P:P,1) -> 3 | S266: =IF(R266>=3,10,IF(R266>=2,8,IF(R266>=1,6,0))) -> 10
A267: =IF(B267=B266,A266,A266+1) -> 260 | B267: 0005-000231 | C267: 권다영 | D267: 1지망 : 보건산업진흥지원-정규직-전문직/연구원-오송 | E267: 03_보건산업진흥지원-정규직-전문직/연구원-오송 | F267: 게재 | G267: 국내 등재학술지 | H267: Preliminary Experiment for High-resolution Measurement of Tissue Mechanical Properties Using Dynamic Optical Coherence Elastography | I267: 한국광학회지, Vol.29, No.3, pp.99-103, 2018 | J267: 주저자 | K267: 2018.06.25 | L267: (1/2) | M267: 한국광학회지(Korean Journal of Optics and Photonics) | N267: 1225-6285 | P267: 1 | R267: =COUNTIFS(B:B,B267,P:P,1) -> 3 | S267: =IF(R267>=3,10,IF(R267>=2,8,IF(R267>=1,6,0))) -> 10
... A281: =IF(B281=B280,A280,A280+1) -> 274 | B281: 0005-000375 | C281: 한상택 | D281: 1지망 : 보건산업진흥지원-정규직-전문직/연구원-오송 | E281: 03_보건산업진흥지원-정규직-전문직/연구원-오송 | F281: 기재사항 없음 | G281: 기재사항 없음 | H281: 기재사항 없음 | I281: 기재사항 없음 | J281: 기재사항 없음 | K281: 기재사항 없음 | L281: 기재사항 없음 | M281: 기재사항 없음 | N281: 기재사항 없음 | P281: 0 | R281: =COUNTIFS(B:B,B281,P:P,1) -> 0 | S281: =IF(R281>=3,10,IF(R281>=2,8,IF(R281>=1,6,0))) -> 0
A282: =IF(B282=B281,A281,A281+1) -> 275 | B282: 0005-000377 | C282: 강규리 | D282: 1지망 : 보건산업진흥지원-정규직-전문직/연구원-오송 | E282: 03_보건산업진흥지원-정규직-전문직/연구원-오송 | F282: 게재 | G282: 국내 등재학술지 | H282: 메타버스를 이용한 이공계 대학원생 팀 프로젝트 기반 교육 프로그램 개발 사례 연구 | I282: 공학교육연구, 제26권 제6호 | J282: 공동저자 | K282: 2023.11.13 | L282: (4/4) | M282: 한국공학교육학회 | N282: 1738-6454 | P282: 0 | Q282: 공동저자 | R282: =COUNTIFS(B:B,B282,P:P,1) -> 0 | S282: =IF(R282>=3,10,IF(R282>=2,8,IF(R282>=1,6,0))) -> 0
A283: =IF(B283=B282,A282,A282+1) -> 276 | B283: 0005-000384 | C283: 장효원 | D283: 1지망 : 보건산업진흥지원-정규직-전문직/연구원-오송 | E283: 03_보건산업진흥지원-정규직-전문직/연구원-오송 | F283: 게재 | G283: 국외SCIE | H283: Artificial nucleic acid circuit with argonaute protein (ANCA) for one-step, amplification-free, and isothermal detection of antibiotic-resistant bacteria | I283: Nat. Commun., 14, 8033, 2023 | J283: 주저자 | K283: 2023.12.05 | L283: (1/10) | M283: Spring nature | N283: 2041-1723 | P283: 1 | R283: =COUNTIFS(B:B,B283,P:P,1) -> 2 | S283: =IF(R283>=3,10,IF(R283>=2,8,IF(R283>=1,6,0))) -> 8
A284: =IF(B284=B283,A283,A283+1) -> 276 | B284: 0005-000384 | C284: 장효원 | D284: 1지망 : 보건산업진흥지원-정규직-전문직/연구원-오송 | E284: 03_보건산업진흥지원-정규직-전문직/연구원-오송 | F284: 제출 | G284: 국외SCIE | H284: CRISPR/Cas12a2 Enables Ultra-Sensitive Amplification-free RNA Detection | I284: Nucleic acids Research, (In revision) | J284: 주저자 | K284: 2025.07.24 | L284: (1/16) | M284: Oxford University Press | N284: 1362-4962 | P284: 0 | Q284: 게재구분 : 제출 | R284: =COUNTIFS(B:B,B284,P:P,1) -> 2 | S284: =IF(R284>=3,10,IF(R284>=2,8,IF(R284>=1,6,0))) -> 8
A285: =IF(B285=B284,A284,A284+1) -> 276 | B285: 0005-000384 | C285: 장효원 | D285: 1지망 : 보건산업진흥지원-정규직-전문직/연구원-오송 | E285: 03_보건산업진흥지원-정규직-전문직/연구원-오송 | F285: 게재 | G285: 국외SCIE | H285: Development of integrated microdroplet generation device with minimal loss for streamlining ddPCR-based SARS-CoV-2 detection | I285: Sensors and Actuators B: Chemical Volume 415, 136032, 2024 | J285: 주저자 | K285: 2024.09.15 | L285: (1/11) | M285: Elsevier BV | N285: 0925-4005 | P285: 1 | R285: =COUNTIFS(B:B,B285,P:P,1) -> 2 | S285: =IF(R285>=3,10,IF(R285>=2,8,IF(R285>=1,6,0))) -> 8
A286: =IF(B286=B285,A285,A285+1) -> 277 | B286: 0005-000389 | C286: 한은정 | D286: 1지망 : 보건산업진흥지원-정규직-전문직/연구원-오송 | E286: 03_보건산업진흥지원-정규직-전문직/연구원-오송 | F286: 기재사항 없음 | G286: 기재사항 없음 | H286: 기재사항 없음 | I286: 기재사항 없음 | J286: 기재사항 없음 | K286: 기재사항 없음 | L286: 기재사항 없음 | M286: 기재사항 없음 | N286: 기재사항 없음 | P286: 0 | R286: =COUNTIFS(B:B,B286,P:P,1) -> 0 | S286: =IF(R286>=3,10,IF(R286>=2,8,IF(R286>=1,6,0))) -> 0
A287: =IF(B287=B286,A286,A286+1) -> 278 | B287: 0005-000394 | C287: 박율 | D287: 1지망 : 보건산업진흥지원-정규직-전문직/연구원-오송 | E287: 03_보건산업진흥지원-정규직-전문직/연구원-오송 | F287: 기재사항 없음 | G287: 기재사항 없음 | H287: 기재사항 없음 | I287: 기재사항 없음 | J287: 기재사항 없음 | K287: 기재사항 없음 | L287: 기재사항 없음 | M287: 기재사항 없음 | N287: 기재사항 없음 | P287: 0 | R287: =COUNTIFS(B:B,B287,P:P,1) -> 0 | S287: =IF(R287>=3,10,IF(R287>=2,8,IF(R287>=1,6,0))) -> 0
A288: =IF(B288=B287,A287,A287+1) -> 279 | B288: 0005-000396 | C288: 권소희 | D288: 1지망 : 보건산업진흥지원-정규직-전문직/연구원-오송 | E288: 03_보건산업진흥지원-정규직-전문직/연구원-오송 | F288: 기재사항 없음 | G288: 기재사항 없음 | H288: 기재사항 없음 | I288: 기재사항 없음 | J288: 기재사항 없음 | K288: 기재사항 없음 | L288: 기재사항 없음 | M288: 기재사항 없음 | N288: 기재사항 없음 | P288: 0 | R288: =COUNTIFS(B:B,B288,P:P,1) -> 0 | S288: =IF(R288>=3,10,IF(R288>=2,8,IF(R288>=1,6,0))) -> 0
A289: =IF(B289=B288,A288,A288+1) -> 280 | B289: 0005-000403 | C289: 양윤태 | D289: 1지망 : 보건산업진흥지원-정규직-전문직/연구원-오송 | E289: 03_보건산업진흥지원-정규직-전문직/연구원-오송 | F289: 기재사항 없음 | G289: 기재사항 없음 | H289: 기재사항 없음 | I289: 기재사항 없음 | J289: 기재사항 없음 | K289: 기재사항 없음 | L289: 기재사항 없음 | M289: 기재사항 없음 | N289: 기재사항 없음 | P289: 0 | R289: =COUNTIFS(B:B,B289,P:P,1) -> 0 | S289: =IF(R289>=3,10,IF(R289>=2,8,IF(R289>=1,6,0))) -> 0
A290: =IF(B290=B289,A289,A289+1) -> 281 | B290: 0005-000404 | C290: 이현정 | D290: 1지망 : 보건산업진흥지원-정규직-전문직/연구원-오송 | E290: 03_보건산업진흥지원-정규직-전문직/연구원-오송 | F290: 기재사항 없음 | G290: 기재사항 없음 | H290: 기재사항 없음 | I290: 기재사항 없음 | J290: 기재사항 없음 | K290: 기재사항 없음 | L290: 기재사항 없음 | M290: 기재사항 없음 | N290: 기재사항 없음 | P290: 0 | R290: =COUNTIFS(B:B,B290,P:P,1) -> 0 | S290: =IF(R290>=3,10,IF(R290>=2,8,IF(R290>=1,6,0))) -> 0
A291: =IF(B291=B290,A290,A290+1) -> 282 | B291: 0005-000405 | C291: 이재혁 | D291: 1지망 : 보건산업진흥지원-정규직-전문직/연구원-오송 | E291: 03_보건산업진흥지원-정규직-전문직/연구원-오송 | F291: 기재사항 없음 | G291: 기재사항 없음 | H291: 기재사항 없음 | I291: 기재사항 없음 | J291: 기재사항 없음 | K291: 기재사항 없음 | L291: 기재사항 없음 | M291: 기재사항 없음 | N291: 기재사항 없음 | P291: 0 | R291: =COUNTIFS(B:B,B291,P:P,1) -> 0 | S291: =IF(R291>=3,10,IF(R291>=2,8,IF(R291>=1,6,0))) -> 0
A292: =IF(B292=B291,A291,A291+1) -> 283 | B292: 0005-000406 | C292: 최규원 | D292: 1지망 : 보건산업진흥지원-정규직-전문직/연구원-오송 | E292: 03_보건산업진흥지원-정규직-전문직/연구원-오송 | F292: 기재사항 없음 | G292: 기재사항 없음 | H292: 기재사항 없음 | I292: 기재사항 없음 | J292: 기재사항 없음 | K292: 기재사항 없음 | L292: 기재사항 없음 | M292: 기재사항 없음 | N292: 기재사항 없음 | P292: 0 | R292: =COUNTIFS(B:B,B292,P:P,1) -> 0 | S292: =IF(R292>=3,10,IF(R292>=2,8,IF(R292>=1,6,0))) -> 0
A293: =IF(B293=B292,A292,A292+1) -> 284 | B293: 0005-000408 | C293: 조명신 | D293: 1지망 : 보건산업진흥지원-정규직-전문직/연구원-오송 | E293: 03_보건산업진흥지원-정규직-전문직/연구원-오송 | F293: 기재사항 없음 | G293: 기재사항 없음 | H293: 기재사항 없음 | I293: 기재사항 없음 | J293: 기재사항 없음 | K293: 기재사항 없음 | L293: 기재사항 없음 | M293: 기재사항 없음 | N293: 기재사항 없음 | P293: 0 | R293: =COUNTIFS(B:B,B293,P:P,1) -> 0 | S293: =IF(R293>=3,10,IF(R293>=2,8,IF(R293>=1,6,0))) -> 0
A294: =IF(B294=B293,A293,A293+1) -> 285 | B294: 0005-000417 | C294: 서지석 | D294: 1지망 : 보건산업진흥지원-정규직-전문직/연구원-오송 | E294: 03_보건산업진흥지원-정규직-전문직/연구원-오송 | F294: 기재사항 없음 | G294: 기재사항 없음 | H294: 기재사항 없음 | I294: 기재사항 없음 | J294: 기재사항 없음 | K294: 기재사항 없음 | L294: 기재사항 없음 | M294: 기재사항 없음 | N294: 기재사항 없음 | P294: 0 | R294: =COUNTIFS(B:B,B294,P:P,1) -> 0 | S294: =IF(R294>=3,10,IF(R294>=2,8,IF(R294>=1,6,0))) -> 0
A295: =IF(B295=B294,A294,A294+1) -> 286 | B295: 0005-000428 | C295: 박재범 | D295: 1지망 : 보건산업진흥지원-정규직-전문직/연구원-오송 | E295: 03_보건산업진흥지원-정규직-전문직/연구원-오송 | F295: 기재사항 없음 | G295: 기재사항 없음 | H295: 기재사항 없음 | I295: 기재사항 없음 | J295: 기재사항 없음 | K295: 기재사항 없음 | L295: 기재사항 없음 | M295: 기재사항 없음 | N295: 기재사항 없음 | P295: 0 | R295: =COUNTIFS(B:B,B295,P:P,1) -> 0 | S295: =IF(R295>=3,10,IF(R295>=2,8,IF(R295>=1,6,0))) -> 0
A296: =IF(B296=B295,A295,A295+1) -> 287 | B296: 0005-000430 | C296: 김효진 | D296: 1지망 : 보건산업진흥지원-정규직-전문직/연구원-오송 | E296: 03_보건산업진흥지원-정규직-전문직/연구원-오송 | F296: 기재사항 없음 | G296: 기재사항 없음 | H296: 기재사항 없음 | I296: 기재사항 없음 | J296: 기재사항 없음 | K296: 기재사항 없음 | L296: 기재사항 없음 | M296: 기재사항 없음 | N296: 기재사항 없음 | P296: 0 | R296: =COUNTIFS(B:B,B296,P:P,1) -> 0 | S296: =IF(R296>=3,10,IF(R296>=2,8,IF(R296>=1,6,0))) -> 0
... A305: =IF(B305=B304,A304,A304+1) -> 296 | B305: 0005-000496 | C305: 임승수 | D305: 1지망 : 보건산업진흥지원-정규직-전문직/연구원-오송 | E305: 03_보건산업진흥지원-정규직-전문직/연구원-오송 | F305: 기재사항 없음 | G305: 기재사항 없음 | H305: 기재사항 없음 | I305: 기재사항 없음 | J305: 기재사항 없음 | K305: 기재사항 없음 | L305: 기재사항 없음 | M305: 기재사항 없음 | N305: 기재사항 없음 | P305: 0 | R305: =COUNTIFS(B:B,B305,P:P,1) -> 0 | S305: =IF(R305>=3,10,IF(R305>=2,8,IF(R305>=1,6,0))) -> 0
A306: =IF(B306=B305,A305,A305+1) -> 297 | B306: 0005-000499 | C306: 이채연 | D306: 1지망 : 보건산업진흥지원-정규직-전문직/연구원-오송 | E306: 03_보건산업진흥지원-정규직-전문직/연구원-오송 | F306: 게재 | G306: 국외SCIE | H306: Gentian Violet Inhibits Cell Proliferation through Induction of Apoptosis in Ovarian Cancer Cells | I306: Biomedicines | J306: 공동저자 | K306: 2023.06.07 | L306: (2/8) | M306: MDPI | N306: 11061657 | P306: 0 | Q306: 공동저자 | R306: =COUNTIFS(B:B,B306,P:P,1) -> 1 | S306: =IF(R306>=3,10,IF(R306>=2,8,IF(R306>=1,6,0))) -> 6
A307: =IF(B307=B306,A306,A306+1) -> 297 | B307: 0005-000499 | C307: 이채연 | D307: 1지망 : 보건산업진흥지원-정규직-전문직/연구원-오송 | E307: 03_보건산업진흥지원-정규직-전문직/연구원-오송 | F307: 게재 | G307: 국외SCIE | H307: Gramicidin, a Bactericidal Antibiotic, Is an Antiproliferative Agent for Ovarian Cancer Cells | I307: Medicina | J307: 주저자 | K307: 2023.11.22 | L307: (1/7) | M307: MDPI | N307: 59122059 | P307: 1 | R307: =COUNTIFS(B:B,B307,P:P,1) -> 1 | S307: =IF(R307>=3,10,IF(R307>=2,8,IF(R307>=1,6,0))) -> 6
A308: =IF(B308=B307,A307,A307+1) -> 298 | B308: 0005-000500 | C308: 박경희 | D308: 1지망 : 보건산업진흥지원-정규직-전문직/연구원-오송 | E308: 03_보건산업진흥지원-정규직-전문직/연구원-오송 | F308: 기재사항 없음 | G308: 기재사항 없음 | H308: 기재사항 없음 | I308: 기재사항 없음 | J308: 기재사항 없음 | K308: 기재사항 없음 | L308: 기재사항 없음 | M308: 기재사항 없음 | N308: 기재사항 없음 | P308: 0 | R308: =COUNTIFS(B:B,B308,P:P,1) -> 0 | S308: =IF(R308>=3,10,IF(R308>=2,8,IF(R308>=1,6,0))) -> 0
A309: =IF(B309=B308,A308,A308+1) -> 299 | B309: 0005-000502 | C309: 박수진 | D309: 1지망 : 보건산업진흥지원-정규직-전문직/연구원-오송 | E309: 03_보건산업진흥지원-정규직-전문직/연구원-오송 | F309: 기재사항 없음 | G309: 기재사항 없음 | H309: 기재사항 없음 | I309: 기재사항 없음 | J309: 기재사항 없음 | K309: 기재사항 없음 | L309: 기재사항 없음 | M309: 기재사항 없음 | N309: 기재사항 없음 | P309: 0 | R309: =COUNTIFS(B:B,B309,P:P,1) -> 0 | S309: =IF(R309>=3,10,IF(R309>=2,8,IF(R309>=1,6,0))) -> 0
A310: =IF(B310=B309,A309,A309+1) -> 300 | B310: 0005-000514 | C310: 서예진 | D310: 1지망 : 보건산업진흥지원-정규직-전문직/연구원-오송 | E310: 03_보건산업진흥지원-정규직-전문직/연구원-오송 | F310: 기재사항 없음 | G310: 기재사항 없음 | H310: 기재사항 없음 | I310: 기재사항 없음 | J310: 기재사항 없음 | K310: 기재사항 없음 | L310: 기재사항 없음 | M310: 기재사항 없음 | N310: 기재사항 없음 | P310: 0 | R310: =COUNTIFS(B:B,B310,P:P,1) -> 0 | S310: =IF(R310>=3,10,IF(R310>=2,8,IF(R310>=1,6,0))) -> 0
A311: =IF(B311=B310,A310,A310+1) -> 301 | B311: 0005-000518 | C311: 소담이 | D311: 1지망 : 보건산업진흥지원-정규직-전문직/연구원-오송 | E311: 03_보건산업진흥지원-정규직-전문직/연구원-오송 | F311: 기재사항 없음 | G311: 기재사항 없음 | H311: 기재사항 없음 | I311: 기재사항 없음 | J311: 기재사항 없음 | K311: 기재사항 없음 | L311: 기재사항 없음 | M311: 기재사항 없음 | N311: 기재사항 없음 | P311: 0 | R311: =COUNTIFS(B:B,B311,P:P,1) -> 0 | S311: =IF(R311>=3,10,IF(R311>=2,8,IF(R311>=1,6,0))) -> 0
A312: =IF(B312=B311,A311,A311+1) -> 302 | B312: 0005-000522 | C312: 장희재 | D312: 1지망 : 보건산업진흥지원-정규직-전문직/연구원-오송 | E312: 03_보건산업진흥지원-정규직-전문직/연구원-오송 | F312: 기재사항 없음 | G312: 기재사항 없음 | H312: 기재사항 없음 | I312: 기재사항 없음 | J312: 기재사항 없음 | K312: 기재사항 없음 | L312: 기재사항 없음 | M312: 기재사항 없음 | N312: 기재사항 없음 | P312: 0 | R312: =COUNTIFS(B:B,B312,P:P,1) -> 0 | S312: =IF(R312>=3,10,IF(R312>=2,8,IF(R312>=1,6,0))) -> 0
A313: =IF(B313=B312,A312,A312+1) -> 303 | B313: 0005-000543 | C313: 양경열 | D313: 1지망 : 보건산업진흥지원-정규직-전문직/연구원-오송 | E313: 03_보건산업진흥지원-정규직-전문직/연구원-오송 | F313: 기재사항 없음 | G313: 기재사항 없음 | H313: 기재사항 없음 | I313: 기재사항 없음 | J313: 기재사항 없음 | K313: 기재사항 없음 | L313: 기재사항 없음 | M313: 기재사항 없음 | N313: 기재사항 없음 | P313: 0 | R313: =COUNTIFS(B:B,B313,P:P,1) -> 0 | S313: =IF(R313>=3,10,IF(R313>=2,8,IF(R313>=1,6,0))) -> 0
A314: =IF(B314=B313,A313,A313+1) -> 304 | B314: 0005-000559 | C314: 김규리 | D314: 1지망 : 보건산업진흥지원-정규직-전문직/연구원-오송 | E314: 03_보건산업진흥지원-정규직-전문직/연구원-오송 | F314: 기재사항 없음 | G314: 기재사항 없음 | H314: 기재사항 없음 | I314: 기재사항 없음 | J314: 기재사항 없음 | K314: 기재사항 없음 | L314: 기재사항 없음 | M314: 기재사항 없음 | N314: 기재사항 없음 | P314: 0 | R314: =COUNTIFS(B:B,B314,P:P,1) -> 0 | S314: =IF(R314>=3,10,IF(R314>=2,8,IF(R314>=1,6,0))) -> 0
A315: =IF(B315=B314,A314,A314+1) -> 305 | B315: 0005-000564 | C315: 서경훈 | D315: 1지망 : 보건산업진흥지원-정규직-전문직/연구원-오송 | E315: 03_보건산업진흥지원-정규직-전문직/연구원-오송 | F315: 기재사항 없음 | G315: 기재사항 없음 | H315: 기재사항 없음 | I315: 기재사항 없음 | J315: 기재사항 없음 | K315: 기재사항 없음 | L315: 기재사항 없음 | M315: 기재사항 없음 | N315: 기재사항 없음 | P315: 0 | R315: =COUNTIFS(B:B,B315,P:P,1) -> 0 | S315: =IF(R315>=3,10,IF(R315>=2,8,IF(R315>=1,6,0))) -> 0
A316: =IF(B316=B315,A315,A315+1) -> 306 | B316: 0005-000573 | C316: 김민주 | D316: 1지망 : 보건산업진흥지원-정규직-전문직/연구원-오송 | E316: 03_보건산업진흥지원-정규직-전문직/연구원-오송 | F316: 기재사항 없음 | G316: 기재사항 없음 | H316: 기재사항 없음 | I316: 기재사항 없음 | J316: 기재사항 없음 | K316: 기재사항 없음 | L316: 기재사항 없음 | M316: 기재사항 없음 | N316: 기재사항 없음 | P316: 0 | R316: =COUNTIFS(B:B,B316,P:P,1) -> 0 | S316: =IF(R316>=3,10,IF(R316>=2,8,IF(R316>=1,6,0))) -> 0
A317: =IF(B317=B316,A316,A316+1) -> 307 | B317: 0005-000578 | C317: 박주연 | D317: 1지망 : 보건산업진흥지원-정규직-전문직/연구원-오송 | E317: 03_보건산업진흥지원-정규직-전문직/연구원-오송 | F317: 기재사항 없음 | G317: 기재사항 없음 | H317: 기재사항 없음 | I317: 기재사항 없음 | J317: 기재사항 없음 | K317: 기재사항 없음 | L317: 기재사항 없음 | M317: 기재사항 없음 | N317: 기재사항 없음 | P317: 0 | R317: =COUNTIFS(B:B,B317,P:P,1) -> 0 | S317: =IF(R317>=3,10,IF(R317>=2,8,IF(R317>=1,6,0))) -> 0
A318: =IF(B318=B317,A317,A317+1) -> 308 | B318: 0005-000588 | C318: 최주영 | D318: 1지망 : 보건산업진흥지원-정규직-전문직/연구원-오송 | E318: 03_보건산업진흥지원-정규직-전문직/연구원-오송 | F318: 기재사항 없음 | G318: 기재사항 없음 | H318: 기재사항 없음 | I318: 기재사항 없음 | J318: 기재사항 없음 | K318: 기재사항 없음 | L318: 기재사항 없음 | M318: 기재사항 없음 | N318: 기재사항 없음 | P318: 0 | R318: =COUNTIFS(B:B,B318,P:P,1) -> 0 | S318: =IF(R318>=3,10,IF(R318>=2,8,IF(R318>=1,6,0))) -> 0
... A352: =IF(B352=B351,A351,A351+1) -> 340 | B352: 0005-000814 | C352: 박은아 | D352: 1지망 : 보건산업진흥지원-정규직-전문직/연구원-오송 | E352: 03_보건산업진흥지원-정규직-전문직/연구원-오송 | F352: 기재사항 없음 | G352: 기재사항 없음 | H352: 기재사항 없음 | I352: 기재사항 없음 | J352: 기재사항 없음 | K352: 기재사항 없음 | L352: 기재사항 없음 | M352: 기재사항 없음 | N352: 기재사항 없음 | P352: 0 | R352: =COUNTIFS(B:B,B352,P:P,1) -> 0 | S352: =IF(R352>=3,10,IF(R352>=2,8,IF(R352>=1,6,0))) -> 0
A353: =IF(B353=B352,A352,A352+1) -> 341 | B353: 0005-000817 | C353: 이보미 | D353: 1지망 : 보건산업진흥지원-정규직-전문직/연구원-오송 | E353: 03_보건산업진흥지원-정규직-전문직/연구원-오송 | F353: 제출 | G353: 국외SCIE | H353: Triterpenoids from Ziziphus jujuba induce apoptotic cell death in human cancer cells through mitochondrial reactive oxygen species production | I353: Food funct. 2018. 9. 3895-3905 | J353: 주저자 | K353: 2018.06.11 | L353: (1/8) | M353: Royal society of chemistry | N353: 2042-650X | P353: 0 | Q353: 게재구분 : 제출 | R353: =COUNTIFS(B:B,B353,P:P,1) -> 0 | S353: =IF(R353>=3,10,IF(R353>=2,8,IF(R353>=1,6,0))) -> 0
A354: =IF(B354=B353,A353,A353+1) -> 342 | B354: 0005-000822 | C354: 이지현 | D354: 1지망 : 보건산업진흥지원-정규직-전문직/연구원-오송 | E354: 03_보건산업진흥지원-정규직-전문직/연구원-오송 | F354: 기재사항 없음 | G354: 기재사항 없음 | H354: 기재사항 없음 | I354: 기재사항 없음 | J354: 기재사항 없음 | K354: 기재사항 없음 | L354: 기재사항 없음 | M354: 기재사항 없음 | N354: 기재사항 없음 | P354: 0 | R354: =COUNTIFS(B:B,B354,P:P,1) -> 0 | S354: =IF(R354>=3,10,IF(R354>=2,8,IF(R354>=1,6,0))) -> 0
A355: =IF(B355=B354,A354,A354+1) -> 343 | B355: 0005-000824 | C355: 이예슬 | D355: 1지망 : 보건산업진흥지원-정규직-전문직/연구원-오송 | E355: 03_보건산업진흥지원-정규직-전문직/연구원-오송 | F355: 기재사항 없음 | G355: 기재사항 없음 | H355: 기재사항 없음 | I355: 기재사항 없음 | J355: 기재사항 없음 | K355: 기재사항 없음 | L355: 기재사항 없음 | M355: 기재사항 없음 | N355: 기재사항 없음 | P355: 0 | R355: =COUNTIFS(B:B,B355,P:P,1) -> 0 | S355: =IF(R355>=3,10,IF(R355>=2,8,IF(R355>=1,6,0))) -> 0
A356: =IF(B356=B355,A355,A355+1) -> 344 | B356: 0005-000832 | C356: 한상민 | D356: 1지망 : 보건산업진흥지원-정규직-전문직/연구원-오송 | E356: 03_보건산업진흥지원-정규직-전문직/연구원-오송 | F356: 기재사항 없음 | G356: 기재사항 없음 | H356: 기재사항 없음 | I356: 기재사항 없음 | J356: 기재사항 없음 | K356: 기재사항 없음 | L356: 기재사항 없음 | M356: 기재사항 없음 | N356: 기재사항 없음 | P356: 0 | R356: =COUNTIFS(B:B,B356,P:P,1) -> 0 | S356: =IF(R356>=3,10,IF(R356>=2,8,IF(R356>=1,6,0))) -> 0
A357: =IF(B357=B356,A356,A356+1) -> 345 | B357: 0005-000834 | C357: 이혜지 | D357: 1지망 : 보건산업진흥지원-정규직-전문직/연구원-오송 | E357: 03_보건산업진흥지원-정규직-전문직/연구원-오송 | F357: 기재사항 없음 | G357: 기재사항 없음 | H357: 기재사항 없음 | I357: 기재사항 없음 | J357: 기재사항 없음 | K357: 기재사항 없음 | L357: 기재사항 없음 | M357: 기재사항 없음 | N357: 기재사항 없음 | P357: 0 | R357: =COUNTIFS(B:B,B357,P:P,1) -> 0 | S357: =IF(R357>=3,10,IF(R357>=2,8,IF(R357>=1,6,0))) -> 0
A358: =IF(B358=B357,A357,A357+1) -> 346 | B358: 0005-000842 | C358: 최연옥 | D358: 1지망 : 보건산업진흥지원-정규직-전문직/연구원-오송 | E358: 03_보건산업진흥지원-정규직-전문직/연구원-오송 | F358: 기재사항 없음 | G358: 기재사항 없음 | H358: 기재사항 없음 | I358: 기재사항 없음 | J358: 기재사항 없음 | K358: 기재사항 없음 | L358: 기재사항 없음 | M358: 기재사항 없음 | N358: 기재사항 없음 | P358: 0 | R358: =COUNTIFS(B:B,B358,P:P,1) -> 0 | S358: =IF(R358>=3,10,IF(R358>=2,8,IF(R358>=1,6,0))) -> 0
A359: =IF(B359=B358,A358,A358+1) -> 347 | B359: 0005-000844 | C359: 홍유정 | D359: 1지망 : 보건산업진흥지원-정규직-전문직/연구원-오송 | E359: 03_보건산업진흥지원-정규직-전문직/연구원-오송 | F359: 기재사항 없음 | G359: 기재사항 없음 | H359: 기재사항 없음 | I359: 기재사항 없음 | J359: 기재사항 없음 | K359: 기재사항 없음 | L359: 기재사항 없음 | M359: 기재사항 없음 | N359: 기재사항 없음 | P359: 0 | R359: =COUNTIFS(B:B,B359,P:P,1) -> 0 | S359: =IF(R359>=3,10,IF(R359>=2,8,IF(R359>=1,6,0))) -> 0
A360: =IF(B360=B359,A359,A359+1) -> 348 | B360: 0005-000845 | C360: 김훈희 | D360: 1지망 : 보건산업진흥지원-정규직-전문직/연구원-오송 | E360: 03_보건산업진흥지원-정규직-전문직/연구원-오송 | F360: 기재사항 없음 | G360: 기재사항 없음 | H360: 기재사항 없음 | I360: 기재사항 없음 | J360: 기재사항 없음 | K360: 기재사항 없음 | L360: 기재사항 없음 | M360: 기재사항 없음 | N360: 기재사항 없음 | P360: 0 | R360: =COUNTIFS(B:B,B360,P:P,1) -> 0 | S360: =IF(R360>=3,10,IF(R360>=2,8,IF(R360>=1,6,0))) -> 0
A361: =IF(B361=B360,A360,A360+1) -> 349 | B361: 0005-000846 | C361: 이소연 | D361: 1지망 : 보건산업진흥지원-정규직-전문직/연구원-오송 | E361: 03_보건산업진흥지원-정규직-전문직/연구원-오송 | F361: 기재사항 없음 | G361: 기재사항 없음 | H361: 기재사항 없음 | I361: 기재사항 없음 | J361: 기재사항 없음 | K361: 기재사항 없음 | L361: 기재사항 없음 | M361: 기재사항 없음 | N361: 기재사항 없음 | P361: 0 | R361: =COUNTIFS(B:B,B361,P:P,1) -> 0 | S361: =IF(R361>=3,10,IF(R361>=2,8,IF(R361>=1,6,0))) -> 0
A362: =IF(B362=B361,A361,A361+1) -> 350 | B362: 0005-000852 | C362: 김진실 | D362: 1지망 : 보건산업진흥지원-정규직-전문직/연구원-오송 | E362: 03_보건산업진흥지원-정규직-전문직/연구원-오송 | F362: 기재사항 없음 | G362: 기재사항 없음 | H362: 기재사항 없음 | I362: 기재사항 없음 | J362: 기재사항 없음 | K362: 기재사항 없음 | L362: 기재사항 없음 | M362: 기재사항 없음 | N362: 기재사항 없음 | P362: 0 | R362: =COUNTIFS(B:B,B362,P:P,1) -> 0 | S362: =IF(R362>=3,10,IF(R362>=2,8,IF(R362>=1,6,0))) -> 0
A363: =IF(B363=B362,A362,A362+1) -> 351 | B363: 0005-000855 | C363: 김동현 | D363: 1지망 : 보건산업진흥지원-정규직-전문직/연구원-오송 | E363: 03_보건산업진흥지원-정규직-전문직/연구원-오송 | F363: 기재사항 없음 | G363: 기재사항 없음 | H363: 기재사항 없음 | I363: 기재사항 없음 | J363: 기재사항 없음 | K363: 기재사항 없음 | L363: 기재사항 없음 | M363: 기재사항 없음 | N363: 기재사항 없음 | P363: 0 | R363: =COUNTIFS(B:B,B363,P:P,1) -> 0 | S363: =IF(R363>=3,10,IF(R363>=2,8,IF(R363>=1,6,0))) -> 0
A364: =IF(B364=B363,A363,A363+1) -> 352 | B364: 0005-000859 | C364: 임윤지 | D364: 1지망 : 보건산업진흥지원-정규직-전문직/연구원-오송 | E364: 03_보건산업진흥지원-정규직-전문직/연구원-오송 | F364: 기재사항 없음 | G364: 기재사항 없음 | H364: 기재사항 없음 | I364: 기재사항 없음 | J364: 기재사항 없음 | K364: 기재사항 없음 | L364: 기재사항 없음 | M364: 기재사항 없음 | N364: 기재사항 없음 | P364: 0 | R364: =COUNTIFS(B:B,B364,P:P,1) -> 0 | S364: =IF(R364>=3,10,IF(R364>=2,8,IF(R364>=1,6,0))) -> 0
A365: =IF(B365=B364,A364,A364+1) -> 353 | B365: 0005-000864 | C365: 유지영 | D365: 1지망 : 보건산업진흥지원-정규직-전문직/연구원-오송 | E365: 03_보건산업진흥지원-정규직-전문직/연구원-오송 | F365: 기재사항 없음 | G365: 기재사항 없음 | H365: 기재사항 없음 | I365: 기재사항 없음 | J365: 기재사항 없음 | K365: 기재사항 없음 | L365: 기재사항 없음 | M365: 기재사항 없음 | N365: 기재사항 없음 | P365: 0 | R365: =COUNTIFS(B:B,B365,P:P,1) -> 0 | S365: =IF(R365>=3,10,IF(R365>=2,8,IF(R365>=1,6,0))) -> 0
... A409: =IF(B409=B408,A408,A408+1) -> 393 | B409: 0005-001167 | C409: 김경민 | D409: 1지망 : 보건산업진흥지원-정규직-전문직/연구원-오송 | E409: 03_보건산업진흥지원-정규직-전문직/연구원-오송 | F409: 기재사항 없음 | G409: 기재사항 없음 | H409: 기재사항 없음 | I409: 기재사항 없음 | J409: 기재사항 없음 | K409: 기재사항 없음 | L409: 기재사항 없음 | M409: 기재사항 없음 | N409: 기재사항 없음 | P409: 0 | R409: =COUNTIFS(B:B,B409,P:P,1) -> 0 | S409: =IF(R409>=3,10,IF(R409>=2,8,IF(R409>=1,6,0))) -> 0
A410: =IF(B410=B409,A409,A409+1) -> 394 | B410: 0005-001174 | C410: 윤정민 | D410: 1지망 : 보건산업진흥지원-정규직-전문직/연구원-오송 | E410: 03_보건산업진흥지원-정규직-전문직/연구원-오송 | F410: 게재 | G410: 국외SCIE | H410: Neoantigen-Displaying Protein Nanoparticles as a Therapeutic Cancer Vaccine Against Melanoma | I410: ADVANCED HEALTHCARE MATERIALS, v.14, no.4, 2025, | J410: 공동저자 | K410: 2024.11.23 | L410: (3/9) | M410: ADVANCED HEALTHCARE MATERIALS | N410: 2192-2640 | P410: 0 | Q410: 공동저자 | R410: =COUNTIFS(B:B,B410,P:P,1) -> 1 | S410: =IF(R410>=3,10,IF(R410>=2,8,IF(R410>=1,6,0))) -> 6
A411: =IF(B411=B410,A410,A410+1) -> 394 | B411: 0005-001174 | C411: 윤정민 | D411: 1지망 : 보건산업진흥지원-정규직-전문직/연구원-오송 | E411: 03_보건산업진흥지원-정규직-전문직/연구원-오송 | F411: 게재 | G411: 국외SCIE | H411: Engineering of a Fluorescent Protein for a Sensing of an Intrinsically Disordered Protein through Transition in the Chromophore State | I411: JACS AU, v.3, no.11, pp.3055-3065, 2023 | J411: 공동저자 | K411: 2023.10.26 | L411: (3/8) | M411: JACS | N411: 0066-4154 | P411: 0 | Q411: 공동저자 | R411: =COUNTIFS(B:B,B411,P:P,1) -> 1 | S411: =IF(R411>=3,10,IF(R411>=2,8,IF(R411>=1,6,0))) -> 6
A412: =IF(B412=B411,A411,A411+1) -> 394 | B412: 0005-001174 | C412: 윤정민 | D412: 1지망 : 보건산업진흥지원-정규직-전문직/연구원-오송 | E412: 03_보건산업진흥지원-정규직-전문직/연구원-오송 | F412: 게재 | G412: 국외SCIE | H412: Integrative Structural Investigation on the Architecture of Human Importin4_Histone H3/H4_Asf1a Complex and Its Histone H3 Tail Binding | I412: J Mol Biol, 430(6):822-841, 2018 | J412: 주저자 | K412: 2018.03.16 | L412: (1/10) | M412: Journal of Molecular Biology | N412: 1089-8638 | P412: 1 | R412: =COUNTIFS(B:B,B412,P:P,1) -> 1 | S412: =IF(R412>=3,10,IF(R412>=2,8,IF(R412>=1,6,0))) -> 6
A413: =IF(B413=B412,A412,A412+1) -> 395 | B413: 0005-001176 | C413: 손현수 | D413: 1지망 : 보건산업진흥지원-정규직-전문직/연구원-오송 | E413: 03_보건산업진흥지원-정규직-전문직/연구원-오송 | F413: 게재 | G413: 석사학위논문 | H413: 용인시 의료기기산업 경쟁력 분석 및 발전 전략 수립 연구 | I413: OO대학교 일반대학원, 2025, 106 p. | J413: 단독저자 | K413: 2025.02.03 | L413: (1/1) | M413: OO대학교 | N413: - | P413: 0 | R413: =COUNTIFS(B:B,B413,P:P,1) -> 0 | S413: =IF(R413>=3,10,IF(R413>=2,8,IF(R413>=1,6,0))) -> 0
A414: =IF(B414=B413,A413,A413+1) -> 396 | B414: 0005-001210 | C414: 이하은 | D414: 1지망 : 보건산업진흥지원-정규직-전문직/연구원-오송 | E414: 03_보건산업진흥지원-정규직-전문직/연구원-오송 | F414: 게재 | G414: 국내 등재학술지 | H414: 배색의 증가에 따른 단맛 연상 예측 | I414: 한국색채학회 논문집 | J414: 주저자 | K414: 2023.02.28 | L414: (1/2) | M414: 한국색채학회 | N414: 1226-6450 | P414: 1 | R414: =COUNTIFS(B:B,B414,P:P,1) -> 1 | S414: =IF(R414>=3,10,IF(R414>=2,8,IF(R414>=1,6,0))) -> 6
A415: =IF(B415=B414,A414,A414+1) -> 397 | B415: 0005-001224 | C415: 임유정 | D415: 1지망 : 보건산업진흥지원-정규직-전문직/연구원-오송 | E415: 03_보건산업진흥지원-정규직-전문직/연구원-오송 | F415: 기재사항 없음 | G415: 기재사항 없음 | H415: 기재사항 없음 | I415: 기재사항 없음 | J415: 기재사항 없음 | K415: 기재사항 없음 | L415: 기재사항 없음 | M415: 기재사항 없음 | N415: 기재사항 없음 | P415: 0 | R415: =COUNTIFS(B:B,B415,P:P,1) -> 0 | S415: =IF(R415>=3,10,IF(R415>=2,8,IF(R415>=1,6,0))) -> 0
A416: =IF(B416=B415,A415,A415+1) -> 398 | B416: 0005-001230 | C416: 김두혜 | D416: 1지망 : 보건산업진흥지원-정규직-전문직/연구원-오송 | E416: 03_보건산업진흥지원-정규직-전문직/연구원-오송 | F416: 기재사항 없음 | G416: 기재사항 없음 | H416: 기재사항 없음 | I416: 기재사항 없음 | J416: 기재사항 없음 | K416: 기재사항 없음 | L416: 기재사항 없음 | M416: 기재사항 없음 | N416: 기재사항 없음 | P416: 0 | R416: =COUNTIFS(B:B,B416,P:P,1) -> 0 | S416: =IF(R416>=3,10,IF(R416>=2,8,IF(R416>=1,6,0))) -> 0
A417: =IF(B417=B416,A416,A416+1) -> 399 | B417: 0005-001231 | C417: 황혜진 | D417: 1지망 : 보건산업진흥지원-정규직-전문직/연구원-오송 | E417: 03_보건산업진흥지원-정규직-전문직/연구원-오송 | F417: 기재사항 없음 | G417: 기재사항 없음 | H417: 기재사항 없음 | I417: 기재사항 없음 | J417: 기재사항 없음 | K417: 기재사항 없음 | L417: 기재사항 없음 | M417: 기재사항 없음 | N417: 기재사항 없음 | P417: 0 | R417: =COUNTIFS(B:B,B417,P:P,1) -> 0 | S417: =IF(R417>=3,10,IF(R417>=2,8,IF(R417>=1,6,0))) -> 0
A418: =IF(B418=B417,A417,A417+1) -> 400 | B418: 0005-001235 | C418: 조희지 | D418: 1지망 : 보건산업진흥지원-정규직-전문직/연구원-오송 | E418: 03_보건산업진흥지원-정규직-전문직/연구원-오송 | F418: 게재 | G418: 국외SCIE | H418: Discovery and characterization of a potent activator of the BKCa channel that relives overactive bladder syndrome in rats | I418: European Journal of Pharmacology, 927, 175055, 2022. | J418: 주저자 | K418: 2022.05.27 | L418: (1/8) | M418: Elsevier | N418: 0014-2999 | P418: 1 | R418: =COUNTIFS(B:B,B418,P:P,1) -> 3 | S418: =IF(R418>=3,10,IF(R418>=2,8,IF(R418>=1,6,0))) -> 10
...

Sheet 자격증
A1: 연번 | B1: 수험번호 | C1: 이름 | D1: 지원분야 : 1지망 | E1: 지원분야(관리용) | F1: 자격증 연번 | G1: 명칭 | H1: 발급기관 | I1: 등록번호 | J1: 취득일 | L1: 정량심사 구분 | M1: 자격증 인정여부 (인정 : 1 / 불인정 : 0) | N1: 자격증 구분 | O1: 자격증 개별점수 | P1: 한국사 점수 (5) | Q1: 국가기술 자격증 점수 (5) | R1: 일반자격증 (한국사+국가기술자격) (10) | S1: 전문분야 자격증 점수 (20)
A2: =IF(B2=B1,A1,SUM(A1,1)) -> 1 | B2: 0005-000013 | C2: 이소영 | D2: 1지망 : 경영지원-정규직-전문직/연구원-오송 | E2: 01_경영지원-정규직-전문직/연구원-오송 | F2: =IF(B2=B1,SUM(F1,1),1) -> 1 | G2: 컴퓨터활용능력1급 | H2: 대한상공회의소 | I2: 25-K9-011345 | J2: 2025.03.04 | L2: 해당 | M2: =IF(L2="비해당","-",VLOOKUP(G2,자격증backdata!A:E,3,0)) -> 1 | N2: =IF(L2="비해당","-",VLOOKUP(G2,자격증backdata!A:E,5,0)) -> 국가기술 | O2: =IF(L2="비해당","-",IF(M2=1,VLOOKUP(G2,자격증backdata!A:E,4,0),0)) -> 5 | P2: =_xlfn.MAXIFS(O:O,B:B,B2,N:N,"한국사") -> 5 | Q2: =_xlfn.MAXIFS(O:O,B:B,B2,N:N,"국가기술") -> 5 | R2: =SUM(P2:Q2) -> 10 | S2: =_xlfn.MAXIFS(O:O,B:B,B2,N:N,"전문분야") -> 0
A3: =IF(B3=B2,A2,SUM(A2,1)) -> 1 | B3: 0005-000013 | C3: 이소영 | D3: 1지망 : 경영지원-정규직-전문직/연구원-오송 | E3: 01_경영지원-정규직-전문직/연구원-오송 | F3: =IF(B3=B2,SUM(F2,1),1) -> 2 | G3: 한국사능력검정시험(1급) | H3: 국사편찬위원회 | I3: 55-112778 | J3: 2021.09.24 | L3: 해당 | M3: =IF(L3="비해당","-",VLOOKUP(G3,자격증backdata!A:E,3,0)) -> 1 | N3: =IF(L3="비해당","-",VLOOKUP(G3,자격증backdata!A:E,5,0)) -> 한국사 | O3: =IF(L3="비해당","-",IF(M3=1,VLOOKUP(G3,자격증backdata!A:E,4,0),0)) -> 5 | P3: =_xlfn.MAXIFS(O:O,B:B,B3,N:N,"한국사") -> 5 | Q3: =_xlfn.MAXIFS(O:O,B:B,B3,N:N,"국가기술") -> 5 | R3: =SUM(P3:Q3) -> 10 | S3: =_xlfn.MAXIFS(O:O,B:B,B3,N:N,"전문분야") -> 0
A4: =IF(B4=B3,A3,SUM(A3,1)) -> 2 | B4: 0005-000018 | C4: 손승비 | D4: 1지망 : 경영지원-정규직-전문직/연구원-오송 | E4: 01_경영지원-정규직-전문직/연구원-오송 | F4: =IF(B4=B3,SUM(F3,1),1) -> 1 | G4: 한국사능력검정시험(3급) | H4: 국사편찬위원회 | I4: 68-328985 | J4: 2024.02.29 | L4: 해당 | M4: =IF(L4="비해당","-",VLOOKUP(G4,자격증backdata!A:E,3,0)) -> 1 | N4: =IF(L4="비해당","-",VLOOKUP(G4,자격증backdata!A:E,5,0)) -> 한국사 | O4: =IF(L4="비해당","-",IF(M4=1,VLOOKUP(G4,자격증backdata!A:E,4,0),0)) -> 1 | P4: =_xlfn.MAXIFS(O:O,B:B,B4,N:N,"한국사") -> 1 | Q4: =_xlfn.MAXIFS(O:O,B:B,B4,N:N,"국가기술") -> 0 | R4: =SUM(P4:Q4) -> 1 | S4: =_xlfn.MAXIFS(O:O,B:B,B4,N:N,"전문분야") -> 0
A5: =IF(B5=B4,A4,SUM(A4,1)) -> 3 | B5: 0005-000020 | C5: 고혜원 | D5: 1지망 : 경영지원-정규직-전문직/연구원-오송 | E5: 01_경영지원-정규직-전문직/연구원-오송 | F5: =IF(B5=B4,SUM(F4,1),1) -> 1 | G5: 컴퓨터활용능력1급 | H5: 대한상공회의소 | I5: 25-K9-022060 | J5: 2025.04.08 | L5: 해당 | M5: =IF(L5="비해당","-",VLOOKUP(G5,자격증backdata!A:E,3,0)) -> 1 | N5: =IF(L5="비해당","-",VLOOKUP(G5,자격증backdata!A:E,5,0)) -> 국가기술 | O5: =IF(L5="비해당","-",IF(M5=1,VLOOKUP(G5,자격증backdata!A:E,4,0),0)) -> 5 | P5: =_xlfn.MAXIFS(O:O,B:B,B5,N:N,"한국사") -> 5 | Q5: =_xlfn.MAXIFS(O:O,B:B,B5,N:N,"국가기술") -> 5 | R5: =SUM(P5:Q5) -> 10 | S5: =_xlfn.MAXIFS(O:O,B:B,B5,N:N,"전문분야") -> 0
A6: =IF(B6=B5,A5,SUM(A5,1)) -> 3 | B6: 0005-000020 | C6: 고혜원 | D6: 1지망 : 경영지원-정규직-전문직/연구원-오송 | E6: 01_경영지원-정규직-전문직/연구원-오송 | F6: =IF(B6=B5,SUM(F5,1),1) -> 2 | G6: 한국사능력검정시험(1급) | H6: 국사편찬위원회 | I6: 73-116365 | J6: 2025.02.28 | L6: 해당 | M6: =IF(L6="비해당","-",VLOOKUP(G6,자격증backdata!A:E,3,0)) -> 1 | N6: =IF(L6="비해당","-",VLOOKUP(G6,자격증backdata!A:E,5,0)) -> 한국사 | O6: =IF(L6="비해당","-",IF(M6=1,VLOOKUP(G6,자격증backdata!A:E,4,0),0)) -> 5 | P6: =_xlfn.MAXIFS(O:O,B:B,B6,N:N,"한국사") -> 5 | Q6: =_xlfn.MAXIFS(O:O,B:B,B6,N:N,"국가기술") -> 5 | R6: =SUM(P6:Q6) -> 10 | S6: =_xlfn.MAXIFS(O:O,B:B,B6,N:N,"전문분야") -> 0
A7: =IF(B7=B6,A6,SUM(A6,1)) -> 4 | B7: 0005-000030 | C7: 김지연 | D7: 1지망 : 경영지원-정규직-전문직/연구원-오송 | E7: 01_경영지원-정규직-전문직/연구원-오송 | F7: =IF(B7=B6,SUM(F6,1),1) -> 1 | G7: 전산세무2급 | H7: 한국세무사회 | I7: 120117026368 | J7: 2024.12.26 | L7: 해당 | M7: =IF(L7="비해당","-",VLOOKUP(G7,자격증backdata!A:E,3,0)) -> 1 | N7: =IF(L7="비해당","-",VLOOKUP(G7,자격증backdata!A:E,5,0)) -> 국가기술 | O7: =IF(L7="비해당","-",IF(M7=1,VLOOKUP(G7,자격증backdata!A:E,4,0),0)) -> 3 | P7: =_xlfn.MAXIFS(O:O,B:B,B7,N:N,"한국사") -> 0 | Q7: =_xlfn.MAXIFS(O:O,B:B,B7,N:N,"국가기술") -> 5 | R7: =SUM(P7:Q7) -> 5 | S7: =_xlfn.MAXIFS(O:O,B:B,B7,N:N,"전문분야") -> 0
A8: =IF(B8=B7,A7,SUM(A7,1)) -> 4 | B8: 0005-000030 | C8: 김지연 | D8: 1지망 : 경영지원-정규직-전문직/연구원-오송 | E8: 01_경영지원-정규직-전문직/연구원-오송 | F8: =IF(B8=B7,SUM(F7,1),1) -> 2 | G8: 컴퓨터활용능력1급 | H8: 대한상공회의소 | I8: 21-K9-093304 | J8: 2021.08.13 | L8: 해당 | M8: =IF(L8="비해당","-",VLOOKUP(G8,자격증backdata!A:E,3,0)) -> 1 | N8: =IF(L8="비해당","-",VLOOKUP(G8,자격증backdata!A:E,5,0)) -> 국가기술 | O8: =IF(L8="비해당","-",IF(M8=1,VLOOKUP(G8,자격증backdata!A:E,4,0),0)) -> 5 | P8: =_xlfn.MAXIFS(O:O,B:B,B8,N:N,"한국사") -> 0 | Q8: =_xlfn.MAXIFS(O:O,B:B,B8,N:N,"국가기술") -> 5 | R8: =SUM(P8:Q8) -> 5 | S8: =_xlfn.MAXIFS(O:O,B:B,B8,N:N,"전문분야") -> 0
A9: =IF(B9=B8,A8,SUM(A8,1)) -> 5 | B9: 0005-000044 | C9: 황은지 | D9: 1지망 : 경영지원-정규직-전문직/연구원-오송 | E9: 01_경영지원-정규직-전문직/연구원-오송 | F9: =IF(B9=B8,SUM(F8,1),1) -> 1 | G9: 기재 자격증 없음 | H9: - | I9: - | J9: - | L9: 해당 | M9: =IF(L9="비해당","-",VLOOKUP(G9,자격증backdata!A:E,3,0)) -> 0 | N9: =IF(L9="비해당","-",VLOOKUP(G9,자격증backdata!A:E,5,0)) -> - | O9: =IF(L9="비해당","-",IF(M9=1,VLOOKUP(G9,자격증backdata!A:E,4,0),0)) -> 0 | P9: =_xlfn.MAXIFS(O:O,B:B,B9,N:N,"한국사") -> 0 | Q9: =_xlfn.MAXIFS(O:O,B:B,B9,N:N,"국가기술") -> 0 | R9: =SUM(P9:Q9) -> 0 | S9: =_xlfn.MAXIFS(O:O,B:B,B9,N:N,"전문분야") -> 0
A10: =IF(B10=B9,A9,SUM(A9,1)) -> 6 | B10: 0005-000049 | C10: 조은경 | D10: 1지망 : 경영지원-정규직-전문직/연구원-오송 | E10: 01_경영지원-정규직-전문직/연구원-오송 | F10: =IF(B10=B9,SUM(F9,1),1) -> 1 | G10: 한국사능력검정시험(1급) | H10: 국사편찬위원회 | I10: 34-133552 | J10: 2017.02.07 | L10: 해당 | M10: =IF(L10="비해당","-",VLOOKUP(G10,자격증backdata!A:E,3,0)) -> 1 | N10: =IF(L10="비해당","-",VLOOKUP(G10,자격증backdata!A:E,5,0)) -> 한국사 | O10: =IF(L10="비해당","-",IF(M10=1,VLOOKUP(G10,자격증backdata!A:E,4,0),0)) -> 5 | P10: =_xlfn.MAXIFS(O:O,B:B,B10,N:N,"한국사") -> 5 | Q10: =_xlfn.MAXIFS(O:O,B:B,B10,N:N,"국가기술") -> 3 | R10: =SUM(P10:Q10) -> 8 | S10: =_xlfn.MAXIFS(O:O,B:B,B10,N:N,"전문분야") -> 0
A11: =IF(B11=B10,A10,SUM(A10,1)) -> 6 | B11: 0005-000049 | C11: 조은경 | D11: 1지망 : 경영지원-정규직-전문직/연구원-오송 | E11: 01_경영지원-정규직-전문직/연구원-오송 | F11: =IF(B11=B10,SUM(F10,1),1) -> 2 | G11: 전산세무2급 | H11: 한국세무사회 | I11: 1256725041 | J11: 2016.09.07 | L11: 해당 | M11: =IF(L11="비해당","-",VLOOKUP(G11,자격증backdata!A:E,3,0)) -> 1 | N11: =IF(L11="비해당","-",VLOOKUP(G11,자격증backdata!A:E,5,0)) -> 국가기술 | O11: =IF(L11="비해당","-",IF(M11=1,VLOOKUP(G11,자격증backdata!A:E,4,0),0)) -> 3 | P11: =_xlfn.MAXIFS(O:O,B:B,B11,N:N,"한국사") -> 5 | Q11: =_xlfn.MAXIFS(O:O,B:B,B11,N:N,"국가기술") -> 3 | R11: =SUM(P11:Q11) -> 8 | S11: =_xlfn.MAXIFS(O:O,B:B,B11,N:N,"전문분야") -> 0
A12: =IF(B12=B11,A11,SUM(A11,1)) -> 7 | B12: 0005-000113 | C12: 이아름 | D12: 1지망 : 경영지원-정규직-전문직/연구원-오송 | E12: 01_경영지원-정규직-전문직/연구원-오송 | F12: =IF(B12=B11,SUM(F11,1),1) -> 1 | G12: 전산세무2급 | H12: 한국세무사회 | I12: 2100003996 | J12: 2002.05.02 | L12: 해당 | M12: =IF(L12="비해당","-",VLOOKUP(G12,자격증backdata!A:E,3,0)) -> 1 | N12: =IF(L12="비해당","-",VLOOKUP(G12,자격증backdata!A:E,5,0)) -> 국가기술 | O12: =IF(L12="비해당","-",IF(M12=1,VLOOKUP(G12,자격증backdata!A:E,4,0),0)) -> 3 | P12: =_xlfn.MAXIFS(O:O,B:B,B12,N:N,"한국사") -> 0 | Q12: =_xlfn.MAXIFS(O:O,B:B,B12,N:N,"국가기술") -> 3 | R12: =SUM(P12:Q12) -> 3 | S12: =_xlfn.MAXIFS(O:O,B:B,B12,N:N,"전문분야") -> 0
A13: =IF(B13=B12,A12,SUM(A12,1)) -> 7 | B13: 0005-000113 | C13: 이아름 | D13: 1지망 : 경영지원-정규직-전문직/연구원-오송 | E13: 01_경영지원-정규직-전문직/연구원-오송 | F13: =IF(B13=B12,SUM(F12,1),1) -> 2 | G13: 컴퓨터활용능력2급 | H13: 대한상공회의소 | I13: 01-K3-024249 | J13: 2001.12.27 | L13: 해당 | M13: =IF(L13="비해당","-",VLOOKUP(G13,자격증backdata!A:E,3,0)) -> 1 | N13: =IF(L13="비해당","-",VLOOKUP(G13,자격증backdata!A:E,5,0)) -> 국가기술 | O13: =IF(L13="비해당","-",IF(M13=1,VLOOKUP(G13,자격증backdata!A:E,4,0),0)) -> 3 | P13: =_xlfn.MAXIFS(O:O,B:B,B13,N:N,"한국사") -> 0 | Q13: =_xlfn.MAXIFS(O:O,B:B,B13,N:N,"국가기술") -> 3 | R13: =SUM(P13:Q13) -> 3 | S13: =_xlfn.MAXIFS(O:O,B:B,B13,N:N,"전문분야") -> 0
... A1424: =IF(B1424=B1423,A1423,SUM(A1423,1)) -> 884 | B1424: 0005-001343 | C1424: 황다솜 | D1424: 1지망 : (사회형평적 채용) 임원 비서-정규직(전임)-실무직/실무원-오송 | E1424: 07_(사회형평적 채용) 임원 비서-정규직(전임)-실무직/실무원-오송 | F1424: =IF(B1424=B1423,SUM(F1423,1),1) -> 1 | G1424: 워드프로세서 | H1424: 대한상공회의소 | I1424: 21-I9-005396 | J1424: 2021.03.26 | L1424: 비해당 | M1424: =IF(L1424="비해당","-",VLOOKUP(G1424,자격증backdata!A:E,3,0)) -> - | N1424: =IF(L1424="비해당","-",VLOOKUP(G1424,자격증backdata!A:E,5,0)) -> - | O1424: =IF(L1424="비해당","-",IF(M1424=1,VLOOKUP(G1424,자격증backdata!A:E,4,0),0)) -> - | P1424: =_xlfn.MAXIFS(O:O,B:B,B1424,N:N,"한국사") -> 0 | Q1424: =_xlfn.MAXIFS(O:O,B:B,B1424,N:N,"국가기술") -> 0 | R1424: =SUM(P1424:Q1424) -> 0 | S1424: =_xlfn.MAXIFS(O:O,B:B,B1424,N:N,"전문분야") -> 0

Sheet 어학성적
A1: 연번 | B1: 수험번호 | C1: 이름 | D1: 지원분야 : 1지망 | E1: 지원분야(관리용) | F1: 어학연번 | G1: 시험명 | H1: 시험명(관리용) | I1: 취득등급(점수) 기재원본 | J1: 취득등급(점수) 심사용 | K1: 응시일 | L1: 응시일 | M1: 등록번호 | O1: 인정여부 (인정:1/불인정:0) | P1: 비고 | Q1: 어학성적 점수 (10)
A2: =IF(B2=B1,A1,SUM(A1,1)) -> 1 | B2: 0005-000013 | C2: 이소영 | D2: 1지망 : 경영지원-정규직-전문직/연구원-오송 | E2: 01_경영지원-정규직-전문직/연구원-오송 | F2: =IF(B2=B1,SUM(F1,1),1) -> 1 | G2: TOEIC | H2: =VLOOKUP(G2,관리용data!F:G,2,0) -> TOEIC | I2: 895.0 | J2: 895.0 | K2: 2025.01.12 | L2: 45669 | M2: 102498 | O2: 1 | Q2: =IF(O2=1,IF(H2="TOEIC",VLOOKUP(VALUE(J2),관리용data!J:K,2,1),IF(H2="TOEFL(IBT)",VLOOKUP(VALUE(J2),관리용data!M:N,2,1),IF(H2="NEW TEPS",VLOOKUP(VALUE(J2),관리용data!P:Q,2,1),IF(H2="G-telp(Level 2)",VLOOKUP(VALUE(J2),관리용data!S:T,2,1),IF(H2="toeic speaking test",VLOOKUP(J2,관리용data!V:W,2,0),IF(H2="opic(영어)",VLOOKUP(J2,관리용data!Y:Z,2,0),0)))))),0) -> 10
A3: =IF(B3=B2,A2,SUM(A2,1)) -> 2 | B3: 0005-000018 | C3: 손승비 | D3: 1지망 : 경영지원-정규직-전문직/연구원-오송 | E3: 01_경영지원-정규직-전문직/연구원-오송 | F3: =IF(B3=B2,SUM(F2,1),1) -> 1 | G3: TOEIC | H3: =VLOOKUP(G3,관리용data!F:G,2,0) -> TOEIC | I3: 440.0 | J3: 440.0 | K3: 2024.09.07 | L3: 45542 | M3: 160368 | O3: 1 | Q3: =IF(O3=1,IF(H3="TOEIC",VLOOKUP(VALUE(J3),관리용data!J:K,2,1),IF(H3="TOEFL(IBT)",VLOOKUP(VALUE(J3),관리용data!M:N,2,1),IF(H3="NEW TEPS",VLOOKUP(VALUE(J3),관리용data!P:Q,2,1),IF(H3="G-telp(Level 2)",VLOOKUP(VALUE(J3),관리용data!S:T,2,1),IF(H3="toeic speaking test",VLOOKUP(J3,관리용data!V:W,2,0),IF(H3="opic(영어)",VLOOKUP(J3,관리용data!Y:Z,2,0),0)))))),0) -> 0
A4: =IF(B4=B3,A3,SUM(A3,1)) -> 3 | B4: 0005-000020 | C4: 고혜원 | D4: 1지망 : 경영지원-정규직-전문직/연구원-오송 | E4: 01_경영지원-정규직-전문직/연구원-오송 | F4: =IF(B4=B3,SUM(F3,1),1) -> 1 | G4: Toeic Speaking test | H4: =VLOOKUP(G4,관리용data!F:G,2,0) -> Toeic Speaking test | I4: Intermediate High | J4: Intermediate High | K4: 2025.06.15 | L4: 45823 | M4: 101316 | O4: 1 | Q4: =IF(O4=1,IF(H4="TOEIC",VLOOKUP(VALUE(J4),관리용data!J:K,2,1),IF(H4="TOEFL(IBT)",VLOOKUP(VALUE(J4),관리용data!M:N,2,1),IF(H4="NEW TEPS",VLOOKUP(VALUE(J4),관리용data!P:Q,2,1),IF(H4="G-telp(Level 2)",VLOOKUP(VALUE(J4),관리용data!S:T,2,1),IF(H4="toeic speaking test",VLOOKUP(J4,관리용data!V:W,2,0),IF(H4="opic(영어)",VLOOKUP(J4,관리용data!Y:Z,2,0),0)))))),0) -> 6
A5: =IF(B5=B4,A4,SUM(A4,1)) -> 4 | B5: 0005-000030 | C5: 김지연 | D5: 1지망 : 경영지원-정규직-전문직/연구원-오송 | E5: 01_경영지원-정규직-전문직/연구원-오송 | F5: =IF(B5=B4,SUM(F4,1),1) -> 1 | G5: OPIc(영어) | H5: =VLOOKUP(G5,관리용data!F:G,2,0) -> OPIc(영어) | I5: Intermediate Mid 1 | J5: Intermediate Mid 1 | K5: 2025.07.27 | L5: 45865 | M5: 2H7602125593 | O5: 1 | Q5: =IF(O5=1,IF(H5="TOEIC",VLOOKUP(VALUE(J5),관리용data!J:K,2,1),IF(H5="TOEFL(IBT)",VLOOKUP(VALUE(J5),관리용data!M:N,2,1),IF(H5="NEW TEPS",VLOOKUP(VALUE(J5),관리용data!P:Q,2,1),IF(H5="G-telp(Level 2)",VLOOKUP(VALUE(J5),관리용data!S:T,2,1),IF(H5="toeic speaking test",VLOOKUP(J5,관리용data!V:W,2,0),IF(H5="opic(영어)",VLOOKUP(J5,관리용data!Y:Z,2,0),0)))))),0) -> 2
A6: =IF(B6=B5,A5,SUM(A5,1)) -> 5 | B6: 0005-000044 | C6: 황은지 | D6: 1지망 : 경영지원-정규직-전문직/연구원-오송 | E6: 01_경영지원-정규직-전문직/연구원-오송 | F6: =IF(B6=B5,SUM(F5,1),1) -> 1 | G6: 기재 어학 없음 | H6: =VLOOKUP(G6,관리용data!F:G,2,0) -> 기재 어학 없음 | I6: - | J6: - | K6: - | L6: - | M6: - | O6: 0 | Q6: =IF(O6=1,IF(H6="TOEIC",VLOOKUP(VALUE(J6),관리용data!J:K,2,1),IF(H6="TOEFL(IBT)",VLOOKUP(VALUE(J6),관리용data!M:N,2,1),IF(H6="NEW TEPS",VLOOKUP(VALUE(J6),관리용data!P:Q,2,1),IF(H6="G-telp(Level 2)",VLOOKUP(VALUE(J6),관리용data!S:T,2,1),IF(H6="toeic speaking test",VLOOKUP(J6,관리용data!V:W,2,0),IF(H6="opic(영어)",VLOOKUP(J6,관리용data!Y:Z,2,0),0)))))),0) -> 0
A7: =IF(B7=B6,A6,SUM(A6,1)) -> 6 | B7: 0005-000049 | C7: 조은경 | D7: 1지망 : 경영지원-정규직-전문직/연구원-오송 | E7: 01_경영지원-정규직-전문직/연구원-오송 | F7: =IF(B7=B6,SUM(F6,1),1) -> 1 | G7: 기재 어학 없음 | H7: =VLOOKUP(G7,관리용data!F:G,2,0) -> 기재 어학 없음 | I7: - | J7: - | K7: - | L7: - | M7: - | O7: 0 | Q7: =IF(O7=1,IF(H7="TOEIC",VLOOKUP(VALUE(J7),관리용data!J:K,2,1),IF(H7="TOEFL(IBT)",VLOOKUP(VALUE(J7),관리용data!M:N,2,1),IF(H7="NEW TEPS",VLOOKUP(VALUE(J7),관리용data!P:Q,2,1),IF(H7="G-telp(Level 2)",VLOOKUP(VALUE(J7),관리용data!S:T,2,1),IF(H7="toeic speaking test",VLOOKUP(J7,관리용data!V:W,2,0),IF(H7="opic(영어)",VLOOKUP(J7,관리용data!Y:Z,2,0),0)))))),0) -> 0
A8: =IF(B8=B7,A7,SUM(A7,1)) -> 7 | B8: 0005-000113 | C8: 이아름 | D8: 1지망 : 경영지원-정규직-전문직/연구원-오송 | E8: 01_경영지원-정규직-전문직/연구원-오송 | F8: =IF(B8=B7,SUM(F7,1),1) -> 1 | G8: 기재 어학 없음 | H8: =VLOOKUP(G8,관리용data!F:G,2,0) -> 기재 어학 없음 | I8: - | J8: - | K8: - | L8: - | M8: - | O8: 0 | Q8: =IF(O8=1,IF(H8="TOEIC",VLOOKUP(VALUE(J8),관리용data!J:K,2,1),IF(H8="TOEFL(IBT)",VLOOKUP(VALUE(J8),관리용data!M:N,2,1),IF(H8="NEW TEPS",VLOOKUP(VALUE(J8),관리용data!P:Q,2,1),IF(H8="G-telp(Level 2)",VLOOKUP(VALUE(J8),관리용data!S:T,2,1),IF(H8="toeic speaking test",VLOOKUP(J8,관리용data!V:W,2,0),IF(H8="opic(영어)",VLOOKUP(J8,관리용data!Y:Z,2,0),0)))))),0) -> 0
A9: =IF(B9=B8,A8,SUM(A8,1)) -> 8 | B9: 0005-000119 | C9: 원창호 | D9: 1지망 : 경영지원-정규직-전문직/연구원-오송 | E9: 01_경영지원-정규직-전문직/연구원-오송 | F9: =IF(B9=B8,SUM(F8,1),1) -> 1 | G9: TOEIC | H9: =VLOOKUP(G9,관리용data!F:G,2,0) -> TOEIC | I9: 820.0 | J9: 820.0 | K9: 2023.09.10 | L9: 45179 | M9: 128760 | O9: 0 | P9: 2025.11.17. 기준 유효기간 만료 / 2년 이상 직접 등록 미선택 | Q9: =IF(O9=1,IF(H9="TOEIC",VLOOKUP(VALUE(J9),관리용data!J:K,2,1),IF(H9="TOEFL(IBT)",VLOOKUP(VALUE(J9),관리용data!M:N,2,1),IF(H9="NEW TEPS",VLOOKUP(VALUE(J9),관리용data!P:Q,2,1),IF(H9="G-telp(Level 2)",VLOOKUP(VALUE(J9),관리용data!S:T,2,1),IF(H9="toeic speaking test",VLOOKUP(J9,관리용data!V:W,2,0),IF(H9="opic(영어)",VLOOKUP(J9,관리용data!Y:Z,2,0),0)))))),0) -> 0
A10: =IF(B10=B9,A9,SUM(A9,1)) -> 9 | B10: 0005-000140 | C10: 박은주 | D10: 1지망 : 경영지원-정규직-전문직/연구원-오송 | E10: 01_경영지원-정규직-전문직/연구원-오송 | F10: =IF(B10=B9,SUM(F9,1),1) -> 1 | G10: 기재 어학 없음 | H10: =VLOOKUP(G10,관리용data!F:G,2,0) -> 기재 어학 없음 | I10: - | J10: - | K10: - | L10: - | M10: - | O10: 0 | Q10: =IF(O10=1,IF(H10="TOEIC",VLOOKUP(VALUE(J10),관리용data!J:K,2,1),IF(H10="TOEFL(IBT)",VLOOKUP(VALUE(J10),관리용data!M:N,2,1),IF(H10="NEW TEPS",VLOOKUP(VALUE(J10),관리용data!P:Q,2,1),IF(H10="G-telp(Level 2)",VLOOKUP(VALUE(J10),관리용data!S:T,2,1),IF(H10="toeic speaking test",VLOOKUP(J10,관리용data!V:W,2,0),IF(H10="opic(영어)",VLOOKUP(J10,관리용data!Y:Z,2,0),0)))))),0) -> 0
A11: =IF(B11=B10,A10,SUM(A10,1)) -> 10 | B11: 0005-000151 | C11: 이원동 | D11: 1지망 : 경영지원-정규직-전문직/연구원-오송 | E11: 01_경영지원-정규직-전문직/연구원-오송 | F11: =IF(B11=B10,SUM(F10,1),1) -> 1 | G11: TOEIC(2년이상 직접등록) | H11: =VLOOKUP(G11,관리용data!F:G,2,0) -> TOEIC | I11: 735.0 | J11: 735.0 | K11: 2023.07.30 | L11: 45137 | M11: 116553 | O11: 1 | Q11: =IF(O11=1,IF(H11="TOEIC",VLOOKUP(VALUE(J11),관리용data!J:K,2,1),IF(H11="TOEFL(IBT)",VLOOKUP(VALUE(J11),관리용data!M:N,2,1),IF(H11="NEW TEPS",VLOOKUP(VALUE(J11),관리용data!P:Q,2,1),IF(H11="G-telp(Level 2)",VLOOKUP(VALUE(J11),관리용data!S:T,2,1),IF(H11="toeic speaking test",VLOOKUP(J11,관리용data!V:W,2,0),IF(H11="opic(영어)",VLOOKUP(J11,관리용data!Y:Z,2,0),0)))))),0) -> 4
A12: =IF(B12=B11,A11,SUM(A11,1)) -> 11 | B12: 0005-000157 | C12: 전지윤 | D12: 1지망 : 경영지원-정규직-전문직/연구원-오송 | E12: 01_경영지원-정규직-전문직/연구원-오송 | F12: =IF(B12=B11,SUM(F11,1),1) -> 1 | G12: TOEIC | H12: =VLOOKUP(G12,관리용data!F:G,2,0) -> TOEIC | I12: 870.0 | J12: 870.0 | K12: 2024.11.09 | L12: 45605 | M12: 111760 | O12: 1 | Q12: =IF(O12=1,IF(H12="TOEIC",VLOOKUP(VALUE(J12),관리용data!J:K,2,1),IF(H12="TOEFL(IBT)",VLOOKUP(VALUE(J12),관리용data!M:N,2,1),IF(H12="NEW TEPS",VLOOKUP(VALUE(J12),관리용data!P:Q,2,1),IF(H12="G-telp(Level 2)",VLOOKUP(VALUE(J12),관리용data!S:T,2,1),IF(H12="toeic speaking test",VLOOKUP(J12,관리용data!V:W,2,0),IF(H12="opic(영어)",VLOOKUP(J12,관리용data!Y:Z,2,0),0)))))),0) -> 10
A13: =IF(B13=B12,A12,SUM(A12,1)) -> 12 | B13: 0005-000188 | C13: 최형규 | D13: 1지망 : 경영지원-정규직-전문직/연구원-오송 | E13: 01_경영지원-정규직-전문직/연구원-오송 | F13: =IF(B13=B12,SUM(F12,1),1) -> 1 | G13: 기재 어학 없음 | H13: =VLOOKUP(G13,관리용data!F:G,2,0) -> 기재 어학 없음 | I13: - | J13: - | K13: - | L13: - | M13: - | O13: 0 | Q13: =IF(O13=1,IF(H13="TOEIC",VLOOKUP(VALUE(J13),관리용data!J:K,2,1),IF(H13="TOEFL(IBT)",VLOOKUP(VALUE(J13),관리용data!M:N,2,1),IF(H13="NEW TEPS",VLOOKUP(VALUE(J13),관리용data!P:Q,2,1),IF(H13="G-telp(Level 2)",VLOOKUP(VALUE(J13),관리용data!S:T,2,1),IF(H13="toeic speaking test",VLOOKUP(J13,관리용data!V:W,2,0),IF(H13="opic(영어)",VLOOKUP(J13,관리용data!Y:Z,2,0),0)))))),0) -> 0
A14: =IF(B14=B13,A13,SUM(A13,1)) -> 13 | B14: 0005-000199 | C14: 임하영 | D14: 1지망 : 경영지원-정규직-전문직/연구원-오송 | E14: 01_경영지원-정규직-전문직/연구원-오송 | F14: =IF(B14=B13,SUM(F13,1),1) -> 1 | G14: TOEIC(2년이상 직접등록) | H14: =VLOOKUP(G14,관리용data!F:G,2,0) -> TOEIC | I14: 725.0 | J14: 725.0 | K14: 2023.05.28 | L14: 45074 | M14: 122015 | O14: 1 | Q14: =IF(O14=1,IF(H14="TOEIC",VLOOKUP(VALUE(J14),관리용data!J:K,2,1),IF(H14="TOEFL(IBT)",VLOOKUP(VALUE(J14),관리용data!M:N,2,1),IF(H14="NEW TEPS",VLOOKUP(VALUE(J14),관리용data!P:Q,2,1),IF(H14="G-telp(Level 2)",VLOOKUP(VALUE(J14),관리용data!S:T,2,1),IF(H14="toeic speaking test",VLOOKUP(J14,관리용data!V:W,2,0),IF(H14="opic(영어)",VLOOKUP(J14,관리용data!Y:Z,2,0),0)))))),0) -> 4
A15: =IF(B15=B14,A14,SUM(A14,1)) -> 14 | B15: 0005-000202 | C15: 유택희 | D15: 1지망 : 경영지원-정규직-전문직/연구원-오송 | E15: 01_경영지원-정규직-전문직/연구원-오송 | F15: =IF(B15=B14,SUM(F14,1),1) -> 1 | G15: 기재 어학 없음 | H15: =VLOOKUP(G15,관리용data!F:G,2,0) -> 기재 어학 없음 | I15: - | J15: - | K15: - | L15: - | M15: - | O15: 0 | Q15: =IF(O15=1,IF(H15="TOEIC",VLOOKUP(VALUE(J15),관리용data!J:K,2,1),IF(H15="TOEFL(IBT)",VLOOKUP(VALUE(J15),관리용data!M:N,2,1),IF(H15="NEW TEPS",VLOOKUP(VALUE(J15),관리용data!P:Q,2,1),IF(H15="G-telp(Level 2)",VLOOKUP(VALUE(J15),관리용data!S:T,2,1),IF(H15="toeic speaking test",VLOOKUP(J15,관리용data!V:W,2,0),IF(H15="opic(영어)",VLOOKUP(J15,관리용data!Y:Z,2,0),0)))))),0) -> 0
A16: =IF(B16=B15,A15,SUM(A15,1)) -> 15 | B16: 0005-000210 | C16: 홍희숙 | D16: 1지망 : 경영지원-정규직-전문직/연구원-오송 | E16: 01_경영지원-정규직-전문직/연구원-오송 | F16: =IF(B16=B15,SUM(F15,1),1) -> 1 | G16: 기재 어학 없음 | H16: =VLOOKUP(G16,관리용data!F:G,2,0) -> 기재 어학 없음 | I16: - | J16: - | K16: - | L16: - | M16: - | O16: 0 | Q16: =IF(O16=1,IF(H16="TOEIC",VLOOKUP(VALUE(J16),관리용data!J:K,2,1),IF(H16="TOEFL(IBT)",VLOOKUP(VALUE(J16),관리용data!M:N,2,1),IF(H16="NEW TEPS",VLOOKUP(VALUE(J16),관리용data!P:Q,2,1),IF(H16="G-telp(Level 2)",VLOOKUP(VALUE(J16),관리용data!S:T,2,1),IF(H16="toeic speaking test",VLOOKUP(J16,관리용data!V:W,2,0),IF(H16="opic(영어)",VLOOKUP(J16,관리용data!Y:Z,2,0),0)))))),0) -> 0
A17: =IF(B17=B16,A16,SUM(A16,1)) -> 16 | B17: 0005-000256 | C17: 조효진 | D17: 1지망 : 경영지원-정규직-전문직/연구원-오송 | E17: 01_경영지원-정규직-전문직/연구원-오송 | F17: =IF(B17=B16,SUM(F16,1),1) -> 1 | G17: OPIc(영어) | H17: =VLOOKUP(G17,관리용data!F:G,2,0) -> OPIc(영어) | I17: Intermediate Mid 1 | J17: Intermediate Mid 1 | K17: 2024.06.02 | L17: 45445 | M17: 2O3156211466 | O17: 1 | Q17: =IF(O17=1,IF(H17="TOEIC",VLOOKUP(VALUE(J17),관리용data!J:K,2,1),IF(H17="TOEFL(IBT)",VLOOKUP(VALUE(J17),관리용data!M:N,2,1),IF(H17="NEW TEPS",VLOOKUP(VALUE(J17),관리용data!P:Q,2,1),IF(H17="G-telp(Level 2)",VLOOKUP(VALUE(J17),관리용data!S:T,2,1),IF(H17="toeic speaking test",VLOOKUP(J17,관리용data!V:W,2,0),IF(H17="opic(영어)",VLOOKUP(J17,관리용data!Y:Z,2,0),0)))))),0) -> 2
A18: =IF(B18=B17,A17,SUM(A17,1)) -> 17 | B18: 0005-000260 | C18: 연명훈 | D18: 1지망 : 경영지원-정규직-전문직/연구원-오송 | E18: 01_경영지원-정규직-전문직/연구원-오송 | F18: =IF(B18=B17,SUM(F17,1),1) -> 1 | G18: G-TELP | H18: =VLOOKUP(G18,관리용data!F:G,2,0) -> G-telp(Level 2) | I18: Level 2 (42) | J18: 42 | K18: 2024.06.23 | L18: 45466 | M18: 0002-0024054 | O18: 1 | Q18: =IF(O18=1,IF(H18="TOEIC",VLOOKUP(VALUE(J18),관리용data!J:K,2,1),IF(H18="TOEFL(IBT)",VLOOKUP(VALUE(J18),관리용data!M:N,2,1),IF(H18="NEW TEPS",VLOOKUP(VALUE(J18),관리용data!P:Q,2,1),IF(H18="G-telp(Level 2)",VLOOKUP(VALUE(J18),관리용data!S:T,2,1),IF(H18="toeic speaking test",VLOOKUP(J18,관리용data!V:W,2,0),IF(H18="opic(영어)",VLOOKUP(J18,관리용data!Y:Z,2,0),0)))))),0) -> 0
A19: =IF(B19=B18,A18,SUM(A18,1)) -> 18 | B19: 0005-000274 | C19: 이우진 | D19: 1지망 : 경영지원-정규직-전문직/연구원-오송 | E19: 01_경영지원-정규직-전문직/연구원-오송 | F19: =IF(B19=B18,SUM(F18,1),1) -> 1 | G19: 기재 어학 없음 | H19: =VLOOKUP(G19,관리용data!F:G,2,0) -> 기재 어학 없음 | I19: - | J19: - | K19: - | L19: - | M19: - | O19: 0 | Q19: =IF(O19=1,IF(H19="TOEIC",VLOOKUP(VALUE(J19),관리용data!J:K,2,1),IF(H19="TOEFL(IBT)",VLOOKUP(VALUE(J19),관리용data!M:N,2,1),IF(H19="NEW TEPS",VLOOKUP(VALUE(J19),관리용data!P:Q,2,1),IF(H19="G-telp(Level 2)",VLOOKUP(VALUE(J19),관리용data!S:T,2,1),IF(H19="toeic speaking test",VLOOKUP(J19,관리용data!V:W,2,0),IF(H19="opic(영어)",VLOOKUP(J19,관리용data!Y:Z,2,0),0)))))),0) -> 0
A20: =IF(B20=B19,A19,SUM(A19,1)) -> 19 | B20: 0005-000294 | C20: 이효헌 | D20: 1지망 : 경영지원-정규직-전문직/연구원-오송 | E20: 01_경영지원-정규직-전문직/연구원-오송 | F20: =IF(B20=B19,SUM(F19,1),1) -> 1 | G20: TOEIC(2년이상 직접등록) | H20: =VLOOKUP(G20,관리용data!F:G,2,0) -> TOEIC | I20: 895.0 | J20: 895.0 | K20: 2021.12.19 | L20: 44549 | M20: 146053 | O20: 1 | Q20: =IF(O20=1,IF(H20="TOEIC",VLOOKUP(VALUE(J20),관리용data!J:K,2,1),IF(H20="TOEFL(IBT)",VLOOKUP(VALUE(J20),관리용data!M:N,2,1),IF(H20="NEW TEPS",VLOOKUP(VALUE(J20),관리용data!P:Q,2,1),IF(H20="G-telp(Level 2)",VLOOKUP(VALUE(J20),관리용data!S:T,2,1),IF(H20="toeic speaking test",VLOOKUP(J20,관리용data!V:W,2,0),IF(H20="opic(영어)",VLOOKUP(J20,관리용data!Y:Z,2,0),0)))))),0) -> 10
A21: =IF(B21=B20,A20,SUM(A20,1)) -> 20 | B21: 0005-000300 | C21: 박수연 | D21: 1지망 : 경영지원-정규직-전문직/연구원-오송 | E21: 01_경영지원-정규직-전문직/연구원-오송 | F21: =IF(B21=B20,SUM(F20,1),1) -> 1 | G21: 기재 어학 없음 | H21: =VLOOKUP(G21,관리용data!F:G,2,0) -> 기재 어학 없음 | I21: - | J21: - | K21: - | L21: - | M21: - | O21: 0 | Q21: =IF(O21=1,IF(H21="TOEIC",VLOOKUP(VALUE(J21),관리용data!J:K,2,1),IF(H21="TOEFL(IBT)",VLOOKUP(VALUE(J21),관리용data!M:N,2,1),IF(H21="NEW TEPS",VLOOKUP(VALUE(J21),관리용data!P:Q,2,1),IF(H21="G-telp(Level 2)",VLOOKUP(VALUE(J21),관리용data!S:T,2,1),IF(H21="toeic speaking test",VLOOKUP(J21,관리용data!V:W,2,0),IF(H21="opic(영어)",VLOOKUP(J21,관리용data!Y:Z,2,0),0)))))),0) -> 0
A22: =IF(B22=B21,A21,SUM(A21,1)) -> 21 | B22: 0005-000330 | C22: 권진아 | D22: 1지망 : 경영지원-정규직-전문직/연구원-오송 | E22: 01_경영지원-정규직-전문직/연구원-오송 | F22: =IF(B22=B21,SUM(F21,1),1) -> 1 | G22: 기재 어학 없음 | H22: =VLOOKUP(G22,관리용data!F:G,2,0) -> 기재 어학 없음 | I22: - | J22: - | K22: - | L22: - | M22: - | O22: 0 | Q22: =IF(O22=1,IF(H22="TOEIC",VLOOKUP(VALUE(J22),관리용data!J:K,2,1),IF(H22="TOEFL(IBT)",VLOOKUP(VALUE(J22),관리용data!M:N,2,1),IF(H22="NEW TEPS",VLOOKUP(VALUE(J22),관리용data!P:Q,2,1),IF(H22="G-telp(Level 2)",VLOOKUP(VALUE(J22),관리용data!S:T,2,1),IF(H22="toeic speaking test",VLOOKUP(J22,관리용data!V:W,2,0),IF(H22="opic(영어)",VLOOKUP(J22,관리용data!Y:Z,2,0),0)))))),0) -> 0
A23: =IF(B23=B22,A22,SUM(A22,1)) -> 22 | B23: 0005-000342 | C23: 박순정 | D23: 1지망 : 경영지원-정규직-전문직/연구원-오송 | E23: 01_경영지원-정규직-전문직/연구원-오송 | F23: =IF(B23=B22,SUM(F22,1),1) -> 1 | G23: 기재 어학 없음 | H23: =VLOOKUP(G23,관리용data!F:G,2,0) -> 기재 어학 없음 | I23: - | J23: - | K23: - | L23: - | M23: - | O23: 0 | Q23: =IF(O23=1,IF(H23="TOEIC",VLOOKUP(VALUE(J23),관리용data!J:K,2,1),IF(H23="TOEFL(IBT)",VLOOKUP(VALUE(J23),관리용data!M:N,2,1),IF(H23="NEW TEPS",VLOOKUP(VALUE(J23),관리용data!P:Q,2,1),IF(H23="G-telp(Level 2)",VLOOKUP(VALUE(J23),관리용data!S:T,2,1),IF(H23="toeic speaking test",VLOOKUP(J23,관리용data!V:W,2,0),IF(H23="opic(영어)",VLOOKUP(J23,관리용data!Y:Z,2,0),0)))))),0) -> 0
A24: =IF(B24=B23,A23,SUM(A23,1)) -> 23 | B24: 0005-000348 | C24: 이정기 | D24: 1지망 : 경영지원-정규직-전문직/연구원-오송 | E24: 01_경영지원-정규직-전문직/연구원-오송 | F24: =IF(B24=B23,SUM(F23,1),1) -> 1 | G24: Toeic Speaking test | H24: =VLOOKUP(G24,관리용data!F:G,2,0) -> Toeic Speaking test | I24: Intermediate High | J24: Intermediate High | K24: 2025.03.22 | L24: 45738 | M24: 102777 | O24: 1 | Q24: =IF(O24=1,IF(H24="TOEIC",VLOOKUP(VALUE(J24),관리용data!J:K,2,1),IF(H24="TOEFL(IBT)",VLOOKUP(VALUE(J24),관리용data!M:N,2,1),IF(H24="NEW TEPS",VLOOKUP(VALUE(J24),관리용data!P:Q,2,1),IF(H24="G-telp(Level 2)",VLOOKUP(VALUE(J24),관리용data!S:T,2,1),IF(H24="toeic speaking test",VLOOKUP(J24,관리용data!V:W,2,0),IF(H24="opic(영어)",VLOOKUP(J24,관리용data!Y:Z,2,0),0)))))),0) -> 6
A25: =IF(B25=B24,A24,SUM(A24,1)) -> 24 | B25: 0005-000349 | C25: 홍민주 | D25: 1지망 : 경영지원-정규직-전문직/연구원-오송 | E25: 01_경영지원-정규직-전문직/연구원-오송 | F25: =IF(B25=B24,SUM(F24,1),1) -> 1 | G25: 기재 어학 없음 | H25: =VLOOKUP(G25,관리용data!F:G,2,0) -> 기재 어학 없음 | I25: - | J25: - | K25: - | L25: - | M25: - | O25: 0 | Q25: =IF(O25=1,IF(H25="TOEIC",VLOOKUP(VALUE(J25),관리용data!J:K,2,1),IF(H25="TOEFL(IBT)",VLOOKUP(VALUE(J25),관리용data!M:N,2,1),IF(H25="NEW TEPS",VLOOKUP(VALUE(J25),관리용data!P:Q,2,1),IF(H25="G-telp(Level 2)",VLOOKUP(VALUE(J25),관리용data!S:T,2,1),IF(H25="toeic speaking test",VLOOKUP(J25,관리용data!V:W,2,0),IF(H25="opic(영어)",VLOOKUP(J25,관리용data!Y:Z,2,0),0)))))),0) -> 0
A26: =IF(B26=B25,A25,SUM(A25,1)) -> 25 | B26: 0005-000366 | C26: 김민주 | D26: 1지망 : 경영지원-정규직-전문직/연구원-오송 | E26: 01_경영지원-정규직-전문직/연구원-오송 | F26: =IF(B26=B25,SUM(F25,1),1) -> 1 | G26: OPIc(영어) | H26: =VLOOKUP(G26,관리용data!F:G,2,0) -> OPIc(영어) | I26: Intermediate High | J26: Intermediate High | K26: 2025.06.28 | L26: 45836 | M26: 2O8576917543 | O26: 1 | Q26: =IF(O26=1,IF(H26="TOEIC",VLOOKUP(VALUE(J26),관리용data!J:K,2,1),IF(H26="TOEFL(IBT)",VLOOKUP(VALUE(J26),관리용data!M:N,2,1),IF(H26="NEW TEPS",VLOOKUP(VALUE(J26),관리용data!P:Q,2,1),IF(H26="G-telp(Level 2)",VLOOKUP(VALUE(J26),관리용data!S:T,2,1),IF(H26="toeic speaking test",VLOOKUP(J26,관리용data!V:W,2,0),IF(H26="opic(영어)",VLOOKUP(J26,관리용data!Y:Z,2,0),0)))))),0) -> 10
A27: =IF(B27=B26,A26,SUM(A26,1)) -> 26 | B27: 0005-000395 | C27: 이세영 | D27: 1지망 : 경영지원-정규직-전문직/연구원-오송 | E27: 01_경영지원-정규직-전문직/연구원-오송 | F27: =IF(B27=B26,SUM(F26,1),1) -> 1 | G27: TOEIC | H27: =VLOOKUP(G27,관리용data!F:G,2,0) -> TOEIC | I27: 785.0 | J27: 785.0 | K27: 2025.06.29 | L27: 45837 | M27: 104441 | O27: 1 | Q27: =IF(O27=1,IF(H27="TOEIC",VLOOKUP(VALUE(J27),관리용data!J:K,2,1),IF(H27="TOEFL(IBT)",VLOOKUP(VALUE(J27),관리용data!M:N,2,1),IF(H27="NEW TEPS",VLOOKUP(VALUE(J27),관리용data!P:Q,2,1),IF(H27="G-telp(Level 2)",VLOOKUP(VALUE(J27),관리용data!S:T,2,1),IF(H27="toeic speaking test",VLOOKUP(J27,관리용data!V:W,2,0),IF(H27="opic(영어)",VLOOKUP(J27,관리용data!Y:Z,2,0),0)))))),0) -> 6
A28: =IF(B28=B27,A27,SUM(A27,1)) -> 27 | B28: 0005-000416 | C28: 장서경 | D28: 1지망 : 경영지원-정규직-전문직/연구원-오송 | E28: 01_경영지원-정규직-전문직/연구원-오송 | F28: =IF(B28=B27,SUM(F27,1),1) -> 1 | G28: TOEIC(2년이상 직접등록) | H28: =VLOOKUP(G28,관리용data!F:G,2,0) -> TOEIC | I28: 820.0 | J28: 820.0 | K28: 2021.02.07 | L28: 44234 | M28: 123709 | O28: 1 | Q28: =IF(O28=1,IF(H28="TOEIC",VLOOKUP(VALUE(J28),관리용data!J:K,2,1),IF(H28="TOEFL(IBT)",VLOOKUP(VALUE(J28),관리용data!M:N,2,1),IF(H28="NEW TEPS",VLOOKUP(VALUE(J28),관리용data!P:Q,2,1),IF(H28="G-telp(Level 2)",VLOOKUP(VALUE(J28),관리용data!S:T,2,1),IF(H28="toeic speaking test",VLOOKUP(J28,관리용data!V:W,2,0),IF(H28="opic(영어)",VLOOKUP(J28,관리용data!Y:Z,2,0),0)))))),0) -> 8
A29: =IF(B29=B28,A28,SUM(A28,1)) -> 28 | B29: 0005-000434 | C29: 강태규 | D29: 1지망 : 경영지원-정규직-전문직/연구원-오송 | E29: 01_경영지원-정규직-전문직/연구원-오송 | F29: =IF(B29=B28,SUM(F28,1),1) -> 1 | G29: Toeic Speaking test | H29: =VLOOKUP(G29,관리용data!F:G,2,0) -> Toeic Speaking test | I29: Intermediate Mid 2 | J29: Intermediate Mid 2 | K29: 2024.10.06 | L29: 45571 | M29: 103095 | O29: 1 | Q29: =IF(O29=1,IF(H29="TOEIC",VLOOKUP(VALUE(J29),관리용data!J:K,2,1),IF(H29="TOEFL(IBT)",VLOOKUP(VALUE(J29),관리용data!M:N,2,1),IF(H29="NEW TEPS",VLOOKUP(VALUE(J29),관리용data!P:Q,2,1),IF(H29="G-telp(Level 2)",VLOOKUP(VALUE(J29),관리용data!S:T,2,1),IF(H29="toeic speaking test",VLOOKUP(J29,관리용data!V:W,2,0),IF(H29="opic(영어)",VLOOKUP(J29,관리용data!Y:Z,2,0),0)))))),0) -> 2
A30: =IF(B30=B29,A29,SUM(A29,1)) -> 29 | B30: 0005-000457 | C30: 박동원 | D30: 1지망 : 경영지원-정규직-전문직/연구원-오송 | E30: 01_경영지원-정규직-전문직/연구원-오송 | F30: =IF(B30=B29,SUM(F29,1),1) -> 1 | G30: TOEIC | H30: =VLOOKUP(G30,관리용data!F:G,2,0) -> TOEIC | I30: 805.0 | J30: 805.0 | K30: 2025.03.30 | L30: 45746 | M30: 107691 | O30: 1 | Q30: =IF(O30=1,IF(H30="TOEIC",VLOOKUP(VALUE(J30),관리용data!J:K,2,1),IF(H30="TOEFL(IBT)",VLOOKUP(VALUE(J30),관리용data!M:N,2,1),IF(H30="NEW TEPS",VLOOKUP(VALUE(J30),관리용data!P:Q,2,1),IF(H30="G-telp(Level 2)",VLOOKUP(VALUE(J30),관리용data!S:T,2,1),IF(H30="toeic speaking test",VLOOKUP(J30,관리용data!V:W,2,0),IF(H30="opic(영어)",VLOOKUP(J30,관리용data!Y:Z,2,0),0)))))),0) -> 8
A31: =IF(B31=B30,A30,SUM(A30,1)) -> 30 | B31: 0005-000470 | C31: 장다원 | D31: 1지망 : 경영지원-정규직-전문직/연구원-오송 | E31: 01_경영지원-정규직-전문직/연구원-오송 | F31: =IF(B31=B30,SUM(F30,1),1) -> 1 | G31: OPIc(영어) | H31: =VLOOKUP(G31,관리용data!F:G,2,0) -> OPIc(영어) | I31: Intermediate Mid 2 | J31: Intermediate Mid 2 | K31: 2024.01.27 | L31: 45318 | M31: 2K6321504474 | O31: 1 | Q31: =IF(O31=1,IF(H31="TOEIC",VLOOKUP(VALUE(J31),관리용data!J:K,2,1),IF(H31="TOEFL(IBT)",VLOOKUP(VALUE(J31),관리용data!M:N,2,1),IF(H31="NEW TEPS",VLOOKUP(VALUE(J31),관리용data!P:Q,2,1),IF(H31="G-telp(Level 2)",VLOOKUP(VALUE(J31),관리용data!S:T,2,1),IF(H31="toeic speaking test",VLOOKUP(J31,관리용data!V:W,2,0),IF(H31="opic(영어)",VLOOKUP(J31,관리용data!Y:Z,2,0),0)))))),0) -> 6
A32: =IF(B32=B31,A31,SUM(A31,1)) -> 31 | B32: 0005-000474 | C32: 전세영 | D32: 1지망 : 경영지원-정규직-전문직/연구원-오송 | E32: 01_경영지원-정규직-전문직/연구원-오송 | F32: =IF(B32=B31,SUM(F31,1),1) -> 1 | G32: TOEIC | H32: =VLOOKUP(G32,관리용data!F:G,2,0) -> TOEIC | I32: 880.0 | J32: 880.0 | K32: 2025.03.09 | L32: 45725 | M32: 152549 | O32: 1 | Q32: =IF(O32=1,IF(H32="TOEIC",VLOOKUP(VALUE(J32),관리용data!J:K,2,1),IF(H32="TOEFL(IBT)",VLOOKUP(VALUE(J32),관리용data!M:N,2,1),IF(H32="NEW TEPS",VLOOKUP(VALUE(J32),관리용data!P:Q,2,1),IF(H32="G-telp(Level 2)",VLOOKUP(VALUE(J32),관리용data!S:T,2,1),IF(H32="toeic speaking test",VLOOKUP(J32,관리용data!V:W,2,0),IF(H32="opic(영어)",VLOOKUP(J32,관리용data!Y:Z,2,0),0)))))),0) -> 10
A33: =IF(B33=B32,A32,SUM(A32,1)) -> 32 | B33: 0005-000497 | C33: 김세연 | D33: 1지망 : 경영지원-정규직-전문직/연구원-오송 | E33: 01_경영지원-정규직-전문직/연구원-오송 | F33: =IF(B33=B32,SUM(F32,1),1) -> 1 | G33: TOEIC | H33: =VLOOKUP(G33,관리용data!F:G,2,0) -> TOEIC | I33: 730.0 | J33: 730.0 | K33: 2024.12.29 | L33: 45655 | M33: 132349 | O33: 1 | Q33: =IF(O33=1,IF(H33="TOEIC",VLOOKUP(VALUE(J33),관리용data!J:K,2,1),IF(H33="TOEFL(IBT)",VLOOKUP(VALUE(J33),관리용data!M:N,2,1),IF(H33="NEW TEPS",VLOOKUP(VALUE(J33),관리용data!P:Q,2,1),IF(H33="G-telp(Level 2)",VLOOKUP(VALUE(J33),관리용data!S:T,2,1),IF(H33="toeic speaking test",VLOOKUP(J33,관리용data!V:W,2,0),IF(H33="opic(영어)",VLOOKUP(J33,관리용data!Y:Z,2,0),0)))))),0) -> 4
A34: =IF(B34=B33,A33,SUM(A33,1)) -> 33 | B34: 0005-000520 | C34: 심도은 | D34: 1지망 : 경영지원-정규직-전문직/연구원-오송 | E34: 01_경영지원-정규직-전문직/연구원-오송 | F34: =IF(B34=B33,SUM(F33,1),1) -> 1 | G34: 기재 어학 없음 | H34: =VLOOKUP(G34,관리용data!F:G,2,0) -> 기재 어학 없음 | I34: - | J34: - | K34: - | L34: - | M34: - | O34: 0 | Q34: =IF(O34=1,IF(H34="TOEIC",VLOOKUP(VALUE(J34),관리용data!J:K,2,1),IF(H34="TOEFL(IBT)",VLOOKUP(VALUE(J34),관리용data!M:N,2,1),IF(H34="NEW TEPS",VLOOKUP(VALUE(J34),관리용data!P:Q,2,1),IF(H34="G-telp(Level 2)",VLOOKUP(VALUE(J34),관리용data!S:T,2,1),IF(H34="toeic speaking test",VLOOKUP(J34,관리용data!V:W,2,0),IF(H34="opic(영어)",VLOOKUP(J34,관리용data!Y:Z,2,0),0)))))),0) -> 0
A35: =IF(B35=B34,A34,SUM(A34,1)) -> 34 | B35: 0005-000533 | C35: 김민주 | D35: 1지망 : 경영지원-정규직-전문직/연구원-오송 | E35: 01_경영지원-정규직-전문직/연구원-오송 | F35: =IF(B35=B34,SUM(F34,1),1) -> 1 | G35: 기재 어학 없음 | H35: =VLOOKUP(G35,관리용data!F:G,2,0) -> 기재 어학 없음 | I35: - | J35: - | K35: - | L35: - | M35: - | O35: 0 | Q35: =IF(O35=1,IF(H35="TOEIC",VLOOKUP(VALUE(J35),관리용data!J:K,2,1),IF(H35="TOEFL(IBT)",VLOOKUP(VALUE(J35),관리용data!M:N,2,1),IF(H35="NEW TEPS",VLOOKUP(VALUE(J35),관리용data!P:Q,2,1),IF(H35="G-telp(Level 2)",VLOOKUP(VALUE(J35),관리용data!S:T,2,1),IF(H35="toeic speaking test",VLOOKUP(J35,관리용data!V:W,2,0),IF(H35="opic(영어)",VLOOKUP(J35,관리용data!Y:Z,2,0),0)))))),0) -> 0
A36: =IF(B36=B35,A35,SUM(A35,1)) -> 35 | B36: 0005-000534 | C36: 고진미 | D36: 1지망 : 경영지원-정규직-전문직/연구원-오송 | E36: 01_경영지원-정규직-전문직/연구원-오송 | F36: =IF(B36=B35,SUM(F35,1),1) -> 1 | G36: 기재 어학 없음 | H36: =VLOOKUP(G36,관리용data!F:G,2,0) -> 기재 어학 없음 | I36: - | J36: - | K36: - | L36: - | M36: - | O36: 0 | Q36: =IF(O36=1,IF(H36="TOEIC",VLOOKUP(VALUE(J36),관리용data!J:K,2,1),IF(H36="TOEFL(IBT)",VLOOKUP(VALUE(J36),관리용data!M:N,2,1),IF(H36="NEW TEPS",VLOOKUP(VALUE(J36),관리용data!P:Q,2,1),IF(H36="G-telp(Level 2)",VLOOKUP(VALUE(J36),관리용data!S:T,2,1),IF(H36="toeic speaking test",VLOOKUP(J36,관리용data!V:W,2,0),IF(H36="opic(영어)",VLOOKUP(J36,관리용data!Y:Z,2,0),0)))))),0) -> 0
A37: =IF(B37=B36,A36,SUM(A36,1)) -> 36 | B37: 0005-000536 | C37: 전수연 | D37: 1지망 : 경영지원-정규직-전문직/연구원-오송 | E37: 01_경영지원-정규직-전문직/연구원-오송 | F37: =IF(B37=B36,SUM(F36,1),1) -> 1 | G37: Toeic Speaking test | H37: =VLOOKUP(G37,관리용data!F:G,2,0) -> Toeic Speaking test | I37: Intermediate Mid 3 | J37: Intermediate Mid 3 | K37: 2025.02.01 | L37: 45689 | M37: 102827 | O37: 1 | Q37: =IF(O37=1,IF(H37="TOEIC",VLOOKUP(VALUE(J37),관리용data!J:K,2,1),IF(H37="TOEFL(IBT)",VLOOKUP(VALUE(J37),관리용data!M:N,2,1),IF(H37="NEW TEPS",VLOOKUP(VALUE(J37),관리용data!P:Q,2,1),IF(H37="G-telp(Level 2)",VLOOKUP(VALUE(J37),관리용data!S:T,2,1),IF(H37="toeic speaking test",VLOOKUP(J37,관리용data!V:W,2,0),IF(H37="opic(영어)",VLOOKUP(J37,관리용data!Y:Z,2,0),0)))))),0) -> 6
A38: =IF(B38=B37,A37,SUM(A37,1)) -> 37 | B38: 0005-000542 | C38: 이수주 | D38: 1지망 : 경영지원-정규직-전문직/연구원-오송 | E38: 01_경영지원-정규직-전문직/연구원-오송 | F38: =IF(B38=B37,SUM(F37,1),1) -> 1 | G38: TOEIC | H38: =VLOOKUP(G38,관리용data!F:G,2,0) -> TOEIC | I38: 765.0 | J38: 765.0 | K38: 2024.07.13 | L38: 45486 | M38: 131217 | O38: 1 | Q38: =IF(O38=1,IF(H38="TOEIC",VLOOKUP(VALUE(J38),관리용data!J:K,2,1),IF(H38="TOEFL(IBT)",VLOOKUP(VALUE(J38),관리용data!M:N,2,1),IF(H38="NEW TEPS",VLOOKUP(VALUE(J38),관리용data!P:Q,2,1),IF(H38="G-telp(Level 2)",VLOOKUP(VALUE(J38),관리용data!S:T,2,1),IF(H38="toeic speaking test",VLOOKUP(J38,관리용data!V:W,2,0),IF(H38="opic(영어)",VLOOKUP(J38,관리용data!Y:Z,2,0),0)))))),0) -> 6
A39: =IF(B39=B38,A38,SUM(A38,1)) -> 38 | B39: 0005-000547 | C39: 노정아 | D39: 1지망 : 경영지원-정규직-전문직/연구원-오송 | E39: 01_경영지원-정규직-전문직/연구원-오송 | F39: =IF(B39=B38,SUM(F38,1),1) -> 1 | G39: 기재 어학 없음 | H39: =VLOOKUP(G39,관리용data!F:G,2,0) -> 기재 어학 없음 | I39: - | J39: - | K39: - | L39: - | M39: - | O39: 0 | Q39: =IF(O39=1,IF(H39="TOEIC",VLOOKUP(VALUE(J39),관리용data!J:K,2,1),IF(H39="TOEFL(IBT)",VLOOKUP(VALUE(J39),관리용data!M:N,2,1),IF(H39="NEW TEPS",VLOOKUP(VALUE(J39),관리용data!P:Q,2,1),IF(H39="G-telp(Level 2)",VLOOKUP(VALUE(J39),관리용data!S:T,2,1),IF(H39="toeic speaking test",VLOOKUP(J39,관리용data!V:W,2,0),IF(H39="opic(영어)",VLOOKUP(J39,관리용data!Y:Z,2,0),0)))))),0) -> 0
A40: =IF(B40=B39,A39,SUM(A39,1)) -> 39 | B40: 0005-000550 | C40: 함승연 | D40: 1지망 : 경영지원-정규직-전문직/연구원-오송 | E40: 01_경영지원-정규직-전문직/연구원-오송 | F40: =IF(B40=B39,SUM(F39,1),1) -> 1 | G40: TOEIC | H40: =VLOOKUP(G40,관리용data!F:G,2,0) -> TOEIC | I40: 905.0 | J40: 905.0 | K40: 2025.05.31 | L40: 45808 | M40: 132478 | O40: 1 | Q40: =IF(O40=1,IF(H40="TOEIC",VLOOKUP(VALUE(J40),관리용data!J:K,2,1),IF(H40="TOEFL(IBT)",VLOOKUP(VALUE(J40),관리용data!M:N,2,1),IF(H40="NEW TEPS",VLOOKUP(VALUE(J40),관리용data!P:Q,2,1),IF(H40="G-telp(Level 2)",VLOOKUP(VALUE(J40),관리용data!S:T,2,1),IF(H40="toeic speaking test",VLOOKUP(J40,관리용data!V:W,2,0),IF(H40="opic(영어)",VLOOKUP(J40,관리용data!Y:Z,2,0),0)))))),0) -> 10
A41: =IF(B41=B40,A40,SUM(A40,1)) -> 40 | B41: 0005-000566 | C41: 김희조 | D41: 1지망 : 경영지원-정규직-전문직/연구원-오송 | E41: 01_경영지원-정규직-전문직/연구원-오송 | F41: =IF(B41=B40,SUM(F40,1),1) -> 1 | G41: OPIc(중국어) | H41: =VLOOKUP(G41,관리용data!F:G,2,0) -> 심사불요 | I41: Intermediate High | J41: Intermediate High | K41: 2024.05.11 | L41: 45423 | M41: 2A1536616446 | O41: 0 | Q41: =IF(O41=1,IF(H41="TOEIC",VLOOKUP(VALUE(J41),관리용data!J:K,2,1),IF(H41="TOEFL(IBT)",VLOOKUP(VALUE(J41),관리용data!M:N,2,1),IF(H41="NEW TEPS",VLOOKUP(VALUE(J41),관리용data!P:Q,2,1),IF(H41="G-telp(Level 2)",VLOOKUP(VALUE(J41),관리용data!S:T,2,1),IF(H41="toeic speaking test",VLOOKUP(J41,관리용data!V:W,2,0),IF(H41="opic(영어)",VLOOKUP(J41,관리용data!Y:Z,2,0),0)))))),0) -> 0
A42: =IF(B42=B41,A41,SUM(A41,1)) -> 41 | B42: 0005-000584 | C42: 이재원 | D42: 1지망 : 경영지원-정규직-전문직/연구원-오송 | E42: 01_경영지원-정규직-전문직/연구원-오송 | F42: =IF(B42=B41,SUM(F41,1),1) -> 1 | G42: 기재 어학 없음 | H42: =VLOOKUP(G42,관리용data!F:G,2,0) -> 기재 어학 없음 | I42: - | J42: - | K42: - | L42: - | M42: - | O42: 0 | Q42: =IF(O42=1,IF(H42="TOEIC",VLOOKUP(VALUE(J42),관리용data!J:K,2,1),IF(H42="TOEFL(IBT)",VLOOKUP(VALUE(J42),관리용data!M:N,2,1),IF(H42="NEW TEPS",VLOOKUP(VALUE(J42),관리용data!P:Q,2,1),IF(H42="G-telp(Level 2)",VLOOKUP(VALUE(J42),관리용data!S:T,2,1),IF(H42="toeic speaking test",VLOOKUP(J42,관리용data!V:W,2,0),IF(H42="opic(영어)",VLOOKUP(J42,관리용data!Y:Z,2,0),0)))))),0) -> 0
A43: =IF(B43=B42,A42,SUM(A42,1)) -> 42 | B43: 0005-000603 | C43: 김동영 | D43: 1지망 : 경영지원-정규직-전문직/연구원-오송 | E43: 01_경영지원-정규직-전문직/연구원-오송 | F43: =IF(B43=B42,SUM(F42,1),1) -> 1 | G43: 기재 어학 없음 | H43: =VLOOKUP(G43,관리용data!F:G,2,0) -> 기재 어학 없음 | I43: - | J43: - | K43: - | L43: - | M43: - | O43: 0 | Q43: =IF(O43=1,IF(H43="TOEIC",VLOOKUP(VALUE(J43),관리용data!J:K,2,1),IF(H43="TOEFL(IBT)",VLOOKUP(VALUE(J43),관리용data!M:N,2,1),IF(H43="NEW TEPS",VLOOKUP(VALUE(J43),관리용data!P:Q,2,1),IF(H43="G-telp(Level 2)",VLOOKUP(VALUE(J43),관리용data!S:T,2,1),IF(H43="toeic speaking test",VLOOKUP(J43,관리용data!V:W,2,0),IF(H43="opic(영어)",VLOOKUP(J43,관리용data!Y:Z,2,0),0)))))),0) -> 0
A44: =IF(B44=B43,A43,SUM(A43,1)) -> 43 | B44: 0005-000616 | C44: 류지희 | D44: 1지망 : 경영지원-정규직-전문직/연구원-오송 | E44: 01_경영지원-정규직-전문직/연구원-오송 | F44: =IF(B44=B43,SUM(F43,1),1) -> 1 | G44: 기재 어학 없음 | H44: =VLOOKUP(G44,관리용data!F:G,2,0) -> 기재 어학 없음 | I44: - | J44: - | K44: - | L44: - | M44: - | O44: 0 | Q44: =IF(O44=1,IF(H44="TOEIC",VLOOKUP(VALUE(J44),관리용data!J:K,2,1),IF(H44="TOEFL(IBT)",VLOOKUP(VALUE(J44),관리용data!M:N,2,1),IF(H44="NEW TEPS",VLOOKUP(VALUE(J44),관리용data!P:Q,2,1),IF(H44="G-telp(Level 2)",VLOOKUP(VALUE(J44),관리용data!S:T,2,1),IF(H44="toeic speaking test",VLOOKUP(J44,관리용data!V:W,2,0),IF(H44="opic(영어)",VLOOKUP(J44,관리용data!Y:Z,2,0),0)))))),0) -> 0
A45: =IF(B45=B44,A44,SUM(A44,1)) -> 44 | B45: 0005-000624 | C45: 구응모 | D45: 1지망 : 경영지원-정규직-전문직/연구원-오송 | E45: 01_경영지원-정규직-전문직/연구원-오송 | F45: =IF(B45=B44,SUM(F44,1),1) -> 1 | G45: 기재 어학 없음 | H45: =VLOOKUP(G45,관리용data!F:G,2,0) -> 기재 어학 없음 | I45: - | J45: - | K45: - | L45: - | M45: - | O45: 0 | Q45: =IF(O45=1,IF(H45="TOEIC",VLOOKUP(VALUE(J45),관리용data!J:K,2,1),IF(H45="TOEFL(IBT)",VLOOKUP(VALUE(J45),관리용data!M:N,2,1),IF(H45="NEW TEPS",VLOOKUP(VALUE(J45),관리용data!P:Q,2,1),IF(H45="G-telp(Level 2)",VLOOKUP(VALUE(J45),관리용data!S:T,2,1),IF(H45="toeic speaking test",VLOOKUP(J45,관리용data!V:W,2,0),IF(H45="opic(영어)",VLOOKUP(J45,관리용data!Y:Z,2,0),0)))))),0) -> 0
A46: =IF(B46=B45,A45,SUM(A45,1)) -> 45 | B46: 0005-000643 | C46: 장지훈 | D46: 1지망 : 경영지원-정규직-전문직/연구원-오송 | E46: 01_경영지원-정규직-전문직/연구원-오송 | F46: =IF(B46=B45,SUM(F45,1),1) -> 1 | G46: 기재 어학 없음 | H46: =VLOOKUP(G46,관리용data!F:G,2,0) -> 기재 어학 없음 | I46: - | J46: - | K46: - | L46: - | M46: - | O46: 0 | Q46: =IF(O46=1,IF(H46="TOEIC",VLOOKUP(VALUE(J46),관리용data!J:K,2,1),IF(H46="TOEFL(IBT)",VLOOKUP(VALUE(J46),관리용data!M:N,2,1),IF(H46="NEW TEPS",VLOOKUP(VALUE(J46),관리용data!P:Q,2,1),IF(H46="G-telp(Level 2)",VLOOKUP(VALUE(J46),관리용data!S:T,2,1),IF(H46="toeic speaking test",VLOOKUP(J46,관리용data!V:W,2,0),IF(H46="opic(영어)",VLOOKUP(J46,관리용data!Y:Z,2,0),0)))))),0) -> 0
A47: =IF(B47=B46,A46,SUM(A46,1)) -> 46 | B47: 0005-000672 | C47: 신중훈 | D47: 1지망 : 경영지원-정규직-전문직/연구원-오송 | E47: 01_경영지원-정규직-전문직/연구원-오송 | F47: =IF(B47=B46,SUM(F46,1),1) -> 1 | G47: TOEIC | H47: =VLOOKUP(G47,관리용data!F:G,2,0) -> TOEIC | I47: 830.0 | J47: 830.0 | K47: 2024.07.28 | L47: 45501 | M47: 130929 | O47: 1 | Q47: =IF(O47=1,IF(H47="TOEIC",VLOOKUP(VALUE(J47),관리용data!J:K,2,1),IF(H47="TOEFL(IBT)",VLOOKUP(VALUE(J47),관리용data!M:N,2,1),IF(H47="NEW TEPS",VLOOKUP(VALUE(J47),관리용data!P:Q,2,1),IF(H47="G-telp(Level 2)",VLOOKUP(VALUE(J47),관리용data!S:T,2,1),IF(H47="toeic speaking test",VLOOKUP(J47,관리용data!V:W,2,0),IF(H47="opic(영어)",VLOOKUP(J47,관리용data!Y:Z,2,0),0)))))),0) -> 8
A48: =IF(B48=B47,A47,SUM(A47,1)) -> 47 | B48: 0005-000679 | C48: 이주민 | D48: 1지망 : 경영지원-정규직-전문직/연구원-오송 | E48: 01_경영지원-정규직-전문직/연구원-오송 | F48: =IF(B48=B47,SUM(F47,1),1) -> 1 | G48: TOEIC(2년이상 직접등록) | H48: =VLOOKUP(G48,관리용data!F:G,2,0) -> TOEIC | I48: 700.0 | J48: 700.0 | K48: 2022.05.15 | L48: 44696 | M48: 115482 | O48: 1 | Q48: =IF(O48=1,IF(H48="TOEIC",VLOOKUP(VALUE(J48),관리용data!J:K,2,1),IF(H48="TOEFL(IBT)",VLOOKUP(VALUE(J48),관리용data!M:N,2,1),IF(H48="NEW TEPS",VLOOKUP(VALUE(J48),관리용data!P:Q,2,1),IF(H48="G-telp(Level 2)",VLOOKUP(VALUE(J48),관리용data!S:T,2,1),IF(H48="toeic speaking test",VLOOKUP(J48,관리용data!V:W,2,0),IF(H48="opic(영어)",VLOOKUP(J48,관리용data!Y:Z,2,0),0)))))),0) -> 4
A49: =IF(B49=B48,A48,SUM(A48,1)) -> 48 | B49: 0005-000692 | C49: 기석훈 | D49: 1지망 : 경영지원-정규직-전문직/연구원-오송 | E49: 01_경영지원-정규직-전문직/연구원-오송 | F49: =IF(B49=B48,SUM(F48,1),1) -> 1 | G49: TOEIC | H49: =VLOOKUP(G49,관리용data!F:G,2,0) -> TOEIC | I49: 780.0 | J49: 780.0 | K49: 2024.07.13 | L49: 45486 | M49: 147681 | O49: 1 | Q49: =IF(O49=1,IF(H49="TOEIC",VLOOKUP(VALUE(J49),관리용data!J:K,2,1),IF(H49="TOEFL(IBT)",VLOOKUP(VALUE(J49),관리용data!M:N,2,1),IF(H49="NEW TEPS",VLOOKUP(VALUE(J49),관리용data!P:Q,2,1),IF(H49="G-telp(Level 2)",VLOOKUP(VALUE(J49),관리용data!S:T,2,1),IF(H49="toeic speaking test",VLOOKUP(J49,관리용data!V:W,2,0),IF(H49="opic(영어)",VLOOKUP(J49,관리용data!Y:Z,2,0),0)))))),0) -> 6
